书名,可替换书名,朝代,注,注2,作者
一半勾留集,,清,,,朱樟
一行居集,,清,,,彭兆升
一览编文稿,,清,,,屠绍理
一览编诗稿,,清,,,屠绍理
一斑录杂述,,清,,,郑光祖
八砖吟馆刻烛集,,清,,,阮元
八旗驻防志略,,清,,,张大昌
八旗通志,,清,,,
丁竹舟先生墓表,,清,,增,
丁辛老屋集,,清,,,王又曾
二申野录,,清,,,孙之騄
二老堂杂志,,宋,,,周必大
二如居赠答诗,,清,,,汪鉽
二酉山房诗钞,,？,,,路尊
二树遗集,,,,,
二峰集,,清,,,邵锡荣
九谷集,,清,,,方殿元
九灵山房集,,元,,,戴良
九峰居书画真迹录,,清,,,吴廷华
九嶷山人诗草,,,,,朱孙炎
七十老人学诗钞,,,,,吴清藻
七修类稿,,明,,,郎瑛
七修续稿,,明,,增,郎瑛
人海记,,清,,,查慎行
十二种兰亭精舍诗集,,清,,,陈元禄
十华小筑诗钞,,清,,,余本愚
十国春秋,,清,,,吴任臣
十驾斋养新录,,清,,,钱大昕
十驾斋集,,清,,,施廷枢
十诵斋集,,清,,,周天度
十砚斋集,,清,,,顾之珽
十洲集,,,,,方九叙
又其次斋诗集,,,,,吴世涵
大观堂集,,清,,,余缙
大全集,高太史大全集、高启大全集,元,,增,高启
大典本淳祐临安志,,宋,,减,施愕
大泌山房集,,明,,,李维桢
大涤山房诗录,,,,,张吉安
大涤洞天记,,元,,,邓牧
大理寺评事,,,,减,
大清会典,,,,,
大清会典则例,,,,减,
大清律例,,,,,
大雅集,,清,释,,昙噩
飞鸿堂印人传,,清,,,汪启淑
飞鸿堂初稿,,清,,,汪启淑
飞鸿堂墨谱,,清,,,汪启淑
广元堂集,,,,减,
广滑稽,,明,,,陈禹谟
广福庙志,,清,,,唐恒九
口头吟诗草,,清,释,减,啸溪
马氏日钞,,明,,,马愈
马松里文,,明,,减,马三才
三十六芙蓉馆诗存,,清,,,关锳
三冈识略,,,,,董含
三石斋集,,清,,,汪又展
三台文献,,明,,,李时渐
三州诗钞,,清,,,鲁曾煜
三李堂集,,,,,金学莲
三国志,,晋,,,陈寿
三鱼堂日记,,清,,,陆庞其
三柳轩杂识,,,,,程启
三浙书院碑记,,,,,
三朝北盟会编,,宋,,,徐梦莘
三朝政要,,宋,,,
三朝野史,,元,,,佚名
山人集,,明,,,吕时臣
山东通志,,清,,,岳濬
山村清气集,,元,释,,德净
山村遗集,,元,,,仇远
山房杂录,,明,释,,祩宏
山居诗话,,元,,减,杨瑀
山居新话,,元,,,杨瑀
山带阁集,,明,,,朱昌潘
山斋客谈,,清,,,景星杓
山堂肆考,,明,,,彭大翼
上天竺山志,,明,释,,广宾
上天竺讲寺志,,,,,
上湖分类文编,,清,,,汪师韩
上湖分类文编注,,清,,减,汪师韩
上湖纪岁诗编,,清,,,汪师韩
上湖诗纪续编,,清,,,汪师韩
上虞县志,光绪上虞县志,清,,,唐煦春
士礼居藏书题跋记续录,,,,,
万历府志,万历杭州府志,明,,,陈善
万历钱塘志,万历钱塘县志,明,,,聂心汤
万氏宗谱,,,,,
万寿宫上谕碑,,,,,
万寿宫碑记,,清,,增,
万事上谕碑,,清,,增,
万柳溪边旧话,,元,,,尤玘
夕秀斋诗钞,,清,,减,汪振甲
习苦斋文集,,清,,,戴熙
习苦斋古文,,清,,增,戴熙
习苦斋删余诗,,清,,增,戴熙
习苦斋诗集,,清,,,戴熙
习苦斋笔记,,清,,,戴熙
习苦斋集,,清,,增,戴熙
乡程日记,,清,,,王相
小山画谱,,清,,,邵一桂
小山居续稿,,清,,,何琪
小山居稿,,清,,,何琪
小万卷斋诗稿,,清,,,朱珔
小仓山房尺牍补编,,清,,,袁枚
小仓山房文集,,清,,,袁枚
小仓山房诗注,,清,,减,袁枚
小仓山房诗集,,清,,,袁枚
小云诗钞,,清,,减,汪元量
小石梁山馆稿,,清,,,李芳湛
小安养斋剩稿,,清,,,单炤
小安养斋遗稿,,清,,,单炤
小岘山人文集,,清,,,秦瀛
小岘山人诗集,,清,,,秦瀛
小酉腴山馆诗钞续编,,清,,,吴大廷
小迂诗钞,,清,,,倪印元
小余香诗钞,,清,,,潘鸿谟
小罗浮山馆诗钞,,,,,吴升
小称意斋集,,,,,高瀛洲
小峨嵋山馆诗稿,,清,,,杨星曜
小栗山房初稿,,清,,,殳三庆
小栗山房诗钞,,清,,,殳三庆
小绿天庵吟草,,清,释,,六舟
小隐山樵诗草,,,,,王义祖
小睡足寮诗录,,清,,,秦敏树
小睡足寮诗续录,,清,,,秦敏树
小槐簃文存,,清,,增,丁立诚
小槐簃诗稿,,清,,,丁立诚
小瀛洲吟稿,,,,,鲍兰皋
于忠肃公年谱,,清,,,于继先
于忠肃公集,,明,,,于谦
于斯堂诗集,,,,,沈起潜
也园草,,清,,,叶菁
也是山房吟草,,,,增,
子不语,,清,,,袁枚
子修诗钞,,清,,,吴庆坻
子修诗稿注,,清,,减,吴庆坻
子渊诗集,,宋,,,张仲深
巴西文集,,元,,,邓文元
不改乐之堂遗稿,,,,,范崇阶
不秋草庐诗集,,清,,减,高学沅
斗南老人集,,明,,,胡奎
方秋崖集,,宋,,,方岳
方泉诗集,,宋,,,周文璞
方洲集,,明,,,张宁
方壶存稿,,宋,,,汪莘
方望溪先生全集,,清,,增,方苞
方舆胜览,,宋,,,祝穆
方麓集,,明,,,王樵
分门古今类事,,宋,,,
丰乐楼赋,,清,,增,邹志初
风月堂杂识,,清,,,姜南
见山亭诗集,,,,,章炳
见未山房学诗偶存,,,,,时长延
见闻纪训,,明,,,陈良谟
见闻杂记,,清,,,林一枝
见闻近录,,清,,,俞超
见闻录,,明,,,陈继儒
今文短篇,,清,,,诸匡鼎
今白华堂诗录,,清,,减,童槐
开有益斋金石记,,清,,,朱绪曾
六一山房诗集,,清,,,董沛
六砚斋笔记,,明,,,李日华
木鸡书屋文集,,清,,增,黄金台
内自讼斋文钞,,,,,
欠伸余句,,清,,,梁文濂
劝戒五录,,清,,减,梁恭辰
劝戒录,,清,,,梁恭辰
劝戒类钞,,,,减,
仁庙五巡江南日录,,清,,,
壬寅纪事,,清,,,
日本武学兵队纪略,,,,,张大镛
日省斋待正草,,,,,严以宽
少室山房类稿,,明,,,胡应麟
少室山房笔记,,明,,减,胡应麟
书三味斋稿,,,,,魏谦升
书农年谱,胡书农年谱,清,,,胡敬
书画汇考,,,,,卞永誉
书画船后集,,,,,朱琰
书斋杂咏集字诗,,清,,增,
书苑精华,,明,,,陈思
书湖州庄氏史狱,,清,,,翁广平
双鉴楼善本书目,,,,增,傅增湘
水心文集,,宋,,,叶适
水东日记,,明,,,叶盛
水流云在馆诗钞,,,,,朱晋
水曹清暇录,,清,,,汪启淑
太乙舟文集,,清,,,陈用光
太仓稊米集,,宋,,,周紫芝
太白山人集,,明,,,孙一元
太白山人漫稿,,明,,,孙一元
太平清话,,明,,,陈继儒
太平惠民和剂局方,,宋,,,陈师文
太函集,,明,,,汪道昆
太鹤山人集,,清,,,端木国瑚
天一阁书目,,,,,
天下名酒记,,,,,张能臣
天下同文集,,元,,,周南瑞
天香楼诗存,,清,,,蔡涛
天真阁集,,,,,孙原湘
天涯闻见录,,清,,减,魏祝亭
天禄琳琅书目,,清,,,应昌期
天雅集,,元,,减,赖良
王文肃公文草,,明,,增,王锡爵
王文肃集,,明,,,王锡爵
王右丞集,,唐,,,王维
王坟碑记,,,,,胡光墉
王忠文公集,,明,,,王祎
王逢诗集,,元,,,
王逸人集,,,,,王崑崙
王翰检集,,宋,,,王禹偁
王樵麓文集,,明,,,王樵麓
为可堂集,,,,,朱一是
为善阴骘,,明,,,朱棣
文几山人集,,清,,,曹臣
文山集,,宋,,,文天祥
文正集,,,,,吴澄
文会堂诗钞,,,,,朱美镠
文庙乐器庆成恭赋,,清,,,冯松生、杨振镐
文辀属稿,,清,,,方楘如
文章游戏,,清,,,缪艮
文献通考,,元,,,马端临
文靖集,,,,,金幼孜
文溪存稿,,宋,,,李昂英
文溪集,,宋,,,李昂英
文毅公集,,明,,,商辂
乌青文献,,,,,
无不宜斋未定稿,,清,,,瞿灏
无尽意斋诗钞,,,,,许乃椿
无悔斋集,,清,,,周京
无腔村笛,,清,,,吴振棫
五百家播芳大全文粹,,宋,,减,魏贤齐、叶萦
五砚斋文钞,,清,,,沈赤然
五砚斋诗钞,,清,,,沈赤然
五峰集,,元,,,李孝光
午溪集,,元,,,陈鉴
心史,,宋,,,郑思肖
心知堂诗稿,,清,,,汪仲洋
心苏集,,清,,,吴农祥
忆云词,忆云词乙稿,,,,项廷纪
友石斋诗集,,清,,,高锡恩
友菉轩诗钞,,,,,
与鹿集,,,,,周思
元人文集,,,,,
元丰类稿,,宋,,增,曾巩
元文类,,元,,,苏天爵
元史,,明,,,宋濂
元师山先生文集,,元,,,郑玉
元妙观志,,清,道,,仰蘅
元典章,,,,,
元杭州路重建庙学碑,,元,,减,孟昉
元诗纪事,,,,,陈衍
元诗选,,清,,,顾嗣立
元武石记,,明,,增,
月沧文集,一作《月沧诗文偶存》,清,,,吕璜
月船居士诗稿,,清,,,卢镐
月满楼诗集,,清,,,顾宗泰
云谷书屋诗集,,清,,,朱鸿猷
云谷杂记,,宋,,,张淏
云泾草堂遗稿,,,,,邱永
云居山红叶记,,明,,减,李流芳
云居寺志,,清,释,,明伦
云林集,,明,,,危素
云林遗事,,明,,,顾元庆
云泉集,云泉诗集,宋,释,,永颐
云留旧草,,清,,减,石韫玉
云栖纪事,,明,释,,祩宏
云栖法汇,,明,释,,智瑛
云桥诗稿,,,,减,
云烟过眼录,,宋,,,周密
云巢诗稿,,清,释,,宝㦤
云巢集,,宋,,,沈辽
云祥集,,清,,,高敏
云腴仙馆遗稿,,清,,,姚樟
云麓诗存,,,,,史正义
云麓漫钞,,宋,,,赵彦卫
云蠖斋诗话,,,,,
止斋文集,,宋,,,陈傅良
中玉雅林小稿,,宋,,,王琮
中兴馆阁录,,宋,,,陈骙
中吴纪闻,,宋,,,龚明之
中国女史,,,,,
中庵集,,元,,,刘敏中
白氏长庆集,,唐,,,白居易
白云诗集,,清,,,卢存心
白华诗稿,,,,,关省钦
白华堂诗录,,,,,童槐今
白茅堂集,,清,,,顾金星
白湖小稿,,清,,,姚珽
白鹄山房诗草,,清,,,徐熊飞
白獭髓,,宋,,,张仲文
半江集,,明,,,赵宽
半瓢诗钞,,,,,卢潮生
北山文钞,,清,,,姜文蘅
北山酒经,,宋,,,朱翼中
北山酒经跋,,清,,减,鲍廷博
北山集,,清,,,朱绪曾
北行日录,,宋,,减,楼钥
北涧文集,,宋,释,,居简
北窗炙輠录,,宋,,,施德操
北隅续录,,清,,,丁丙
北隅掌录,,清,,,黄士珣
北新关志,,清,,,王宫臻
本事诗,,清,,,徐釚
本堂文集,,宋,,,陈著
丙申游山日记,,清,,,高全栋
长兴集,,宋,,,沈括
长物志,,明,,,文震亨
长室诗存,,清,,,翁可久
丛笔轩遗稿,,,,,孙采芙
东山集抄,,,,,吾定保
东山楼诗续集,,,,,曹宗载
东天目山志,,,,,
东汀小稿,,清,,,叶愚
东华录,,,,,
东江别集,,明,,,沈谦
东江集钞,,明,,,沈谦
东里文集,,明,,,杨士奇
东里两先生集,,,,,
东轩吟社图记,,清,,,汪远孙
东轩雅集图记,,清,,,朱文藻
东园文集,,明,,,郑纪
东河棹歌,,清,,,姚思勤
东河棹歌诗注,,清,,减,姚思勤
东坡全集,,宋,,,苏轼
东坡志林,,宋,,,苏轼
东坡题跋,,明,,,钟羽正辑
东城小志,,,,,
东城小录,,,,,
东城杂记,,清,,,厉鹗
东城杂记补,,,,,
东城杂记原本,,,,减,
东城续纪,,,,,
东南纪事,,,,,
东南纪闻,,元,,,佚名
东南逸事,,,,,
东亭别集,,,,,张奕光
东亭别集回文,,,,减,张奕光
东洲草堂诗钞,,清,,,何绍基
东洲集,,,,,崔桐
东皋诗文集,,,,,张右民
东皋草堂诗集,,清,,,王德璘
东海半人诗钞,,清,,,钟大源
东桥石刻记,,,,增,
东堂集,,宋,,,毛滂
东维子集,,元,,,杨维桢
东溟文后集,,清,,,姚莹
东潜文稿,,清,,,赵一清
东潜诗稿,,清,,,赵一清
冬秀亭诗注,,,,减,
冬秀亭集,,清,,,朱樟
冬青书屋吟草,,,,,周泰
冬青馆集,,清,,,张鉴
冬花庵烬余稿,,清,,,奚冈
冬荣草堂诗集,,清,,,汪隆耀
冬荣草堂集,,清,,,李堂
对床风雨集,,清,,,汪沆
尔尔轩集,,,,,陈常
甘泉乡人稿,,清,,,钱泰吉
功甫小集,,清,,,潘曾沂
古山乐府,,,,,张堃
古今体诗偶钞,,,,,高凤台
古今诗史,,,,,
古今诗话,,,,,
古今图书集成,,,,,
古欢堂诗集,,清,,,胡涛
古杭杂记,,元,,,李东有
古杭杂记诗集,,元,,,佚名
古杭梦游录,,,,,
古城阴草堂诗,,,,,吴兴
古春轩诗钞,,清,,,梁德纯
古栎山房稿,,清,,,黄孙嬴
古香堂诗集,,,,,吴泰来
古雪诗钞,,,,,杨继端
古雪诗续钞,,,,,杨继端
古照堂诗稿,,,,,奚大武
归田诗话,,明,,,瞿佑
归休处记,,清,,减,沈廷芳
归愚文续,,清,,,沈德潜
归愚年谱,,清,,减,沈德潜
归愚诗钞,,清,,,沈德潜
归愚诗钞诗余,,清,,减,沈德潜
弘秀集,,明,释,,弘秀
击钵吟偶存,,,,,
记祚德庙始末,,宋,,增,陆九渊
旧雨斋集,,清,,,施安
句曲外史附录,,元,,减,张雨
句曲外史集,,元,,,张雨
句留集,,,,,蔡廷弼
句麓山房集,,,,,周向青
可久长室诗存,,,,,吴宗麟
可仪堂诗存,,,,,俞葆寅
可自怡斋诗偶存,,清,,,汤春
可闲老人集,,元,,,张昱
叩舷凭轼录,,明,,,姜南
兰江负米集,,,,,蔡廷弼
兰亭续考,,宋,,,俞松
兰韵堂诗集,,,,,沈初
兰藻堂集,,清,,,舒瞻
乐府遗音,,明,,,瞿佑
立命全书,,,,,
龙兴寺志,,清,,,张大昌
龙兴尊胜幢记,,清,,增,
龙虎山志,,,,,娄近垣
龙南漫稿,,明,释,,法聚
龙珠山房集,,明,,,李奎
宁志余闻,,,,,周广业
平宋录,,元,,,刘敏中
平宋录原序,,,,减,周敏
平阳汪氏支谱,,,,增,
平园续稿,,宋,,,周必大
平原汪氏支谱,,,,减,
平斋集,,宋,,,洪咨夔
平浙纪略,,,,,
平庵诗,,,,,项安世
平湖县志,,,,,王恒修
且瓯集,,清,,,项霁
圣祖仁皇帝御制诗文集,,清,,,张玉书等编
石云吟雅,,清,,,姚燮
石田文集,,元,,,马祖常
石田诗选,,明,,,沈周
石如吟稿,,清,,,江鉴
石园遗草,,,,,朱溶
石亭诗草,,,,,严云程
石笥山房诗集,,清,,,胡稚威
石笥山房诗集,,清,,,胡稚威
石湖诗集,,宋,,,范成大
石幢居士吟稿,,清,,,梁肯堂
史氏谱略,,,,增,
矢音集,,清,,,梁诗正
世经堂诗钞,,清,,,徐旭旦
市曲茅堂诗,市曲茅堂集,清,,,黄琛
司马温公集,,宋,,,司马光
四书说丛,,,,,沈无回
四友斋丛说,,明,,,何良俊
四村集,,,,,史鉴
四库全书总目提要,,清,,,永瑢等
四朝诗集,,清,,,王猷定
四朝闻见录,,宋,,,叶绍翁
四照堂集,,清,,,王猷定
台山怀旧集,,,,,
田居诗稿,,清,,,龚翔麟
田教授诗,,,,,
汀风阁集,,,,减,戴永植
未忘集,,清,,,吴农祥
未学斋集,,清,,,仇养正
未筛集,,,释,,超源
仙林寺石刻观音像偈,,清,,增,
叶氏家乘,,,,,
永康文存,,清,,,应宝时
永新诗征,,,,,尹继隆
玉山草堂诗集,,清,,,钱林
玉井樵唱,,宋,,,尹廷高
玉历钞传警世,,,,,淡痴尊者
玉岑楼纪事诗,,清,,,许承基
玉珊瑚网法书题跋,,,,,汪砢
玉亭小稿,,,,,
玉峰法师为慈孝庵比丘尼慧机封龛法语,,清,,增,
玉海,,宋,,,王应麟
玉笥山房要集,,清,,,顾廷纶
玉堂杂记,,宋,,,周必大
玉茗堂文集,,明,,,汤显祖
玉献文集,,,,,孙锵
玉楮诗稿,,宋,,,岳珂
玉楮集,,,,,曹庭栋
玉照新志,,宋,,,王明清
玉燕堂诗集,,,,,张淦
安序堂文钞,安序堂集,清,,,毛际可
安雅堂集,,元,,,陈旅
百一山房诗集,,清,,,孙士毅
百一山房集,,,,,应时良
百一草堂集唐诗,,,,,柴才
百丈丛林清规证义记,,,,,
百五春诗,,清,,,巴泰
百正集,,宋,,,连文凤
百宋一廛书目,,清,,增,黄丕烈
百美新咏,,,,,
百泉集,,,,,皇甫汸
冰雪集,,,,,
池州府名宦志,池州府志,,,,
虫鸟吟,,,,,
传奇提要,,,,,
次立斋诗集,,,,,袁知纾
存吾春轩集,,清,,,周大枢
存诚堂诗集,,,,,张英
存素堂同怀稿,,,,,汪孟景
存斋诗话,,明,,,瞿佑
存斋集,,明,,,瞿佑
存研楼文集,,清,,,储大文
当归草堂诗草,,清,,增,丁丙
当归草堂集,,清,,,丁丙
灯烛光十参剩稿,,,,,许道基
耳提录,,清,,减,顾昌
伏敔堂诗录,,清,,增,江湜
凫藻集,,明,,,高启
艮山杂志,,清,,,翟灏
艮山诗集,,,,,侯允中
关羽志,,,,,丁矿
关庙广记,,清,,,周广业
关帝事迹征信录,,,,,
观复堂诗钞,,,,,陈𨧨
光绪丁亥天长寺同戒录,,清,释,减,茂春
光绪仙居县志,,,,,王寿颐
光绪府志,《光绪杭州府志》,,,,
好云楼初集,,清,,,李联琇
好云楼集,,清,,,李联琇
好古斋笔记,,清,,减,高行笃
红豆村人诗稿,,清,,,袁树
红雨楼题跋,,,,,
红雪山斋诗集,,清,,,景江锦
红荔山房诗钞,,清,,减,高全栋
红蝠山房诗补钞,,清,,,王乃斌
红蝠山房诗钞,,清,,,王乃斌
红蔷吟馆诗稿,,清,,,锁瑞芝
红蕉庵诗集,,清,,,戴莼
红藕庄词,,清,,,龚翔麟
红蘅馆初稿,,,,,张孟淦
后乐园记,后乐园记（石刻）,清,,,谢启昆
后村居士集,,宋,,,刘克庄
后村诗话,,宋,,,刘克庄
后洋书屋诗钞,,清,,,梁文濂
后湘诗集,,,,,姚莹
尖阳丛笔,,清,,,吴骞
江上草堂诗钞,,,,,
江上稿,,清,,,顾言
江月松风集,,元,,,钱惟善
江西通志,,清,,,谢旻
江声草堂诗集,,清,,,金志章
江邻几杂志,,宋,,减,江邻几
江湖长翁文集,江湖长翁集,宋,,,陈造
江湖后集,,宋,,,陈造
考古录,,,,,孙壁文
匡林,,清,,,王先舒
老父云游始末跋,,,,,吴磊
老学后庵忆语,,清,,,何兆瀛
老学后庵随笔,,清,,减,何兆瀛
老学庵笔记,,宋,,,陆游
耒边词,,,,,李符
列朝诗集小传,,清,,,钱谦益
刘孟涂集,孟涂集,清,,,刘开
米筛集,,,释,减,超原
名山胜概记,,,,,
名山集,,,,,陈奋永
名贤小影题名,,,,,
名宦祠增祀文达阮公铁孙徐公祝文,,清,,减,胡琨
名胜志,,明,,,曹学佺
牟山诗钞,,,,,孙凤仪
齐东野语,,宋,,,周密
屺云楼诗话,,,,,刘存仁
庆元党禁,,宋,,增,沧洲樵叟
曲江老屋诗草,,清,,,俞光祖
全氏宗谱,,,,增,
全浙诗话,,清,,,陶元藻
如舟吟馆诗钞,,清,,,瑞常
师山遗文,,元,,减,郑玉
师友集,,,,,陈章钜
师石山房诗稿,,清,,,诸维垕
师竹斋稿,,清,,,陈灿
守约禅师纪略,,,,,
岁时杂记,,宋,,,吕原明
岁寒堂存稿,,清,,,林璐
岁寒堂集,,清,,,林璐
孙文恪公集,,明,,,孙陞
孙宇台集,,清,,,孙治
同戒录,,清,,,
同林倡和集,,,,,
托素斋集,,,,,黎士弘
问和诗稿,,,,,汪曾梅
问桃花馆诗,,清,,增,
西龙两邑试馆记,,,,,
西村集,,明,,,史鉴
西轩效唐集录,,明,,,丁养浩
西园诗集,,,,增,
西河合集,,清,,,毛奇龄
西河诗话,,清,,,毛奇龄
西泠石刻记,,,,减,倪涛
西泠仙咏,,清,,,陈文述
西泠怀古集,,清,,,陈文述
西泠陆氏家谱,,清,,,陆宗楷、陆宗桓
西泠闺咏,,清,,,陈文述
西泠消寒集,,,,,秦澹如
西泠酬倡二集,,,,,
西泠酬倡三集,,,,,
西泠酬倡集,,,,,
西岩集,,元,,,张之翰
西涧画余录,,清,,,徐鉽
西涧画余稿,,清,,,徐鉽
西陵词选,,清,,,梁允植
西陵词选,,,,,王昭雍
西湖八社诗帖,,明,,,祝时泰
西湖三太守诗钞,,,,,聂先
西湖六君子诗,,,,减,聂先
西湖记述,,明,,减,袁宏道
西湖百咏,,宋,,,董嗣杲
西湖百咏,,清,,,柴杰
西湖百咏,,清,,,王廷鼎
西湖百咏,,,,,夏时
西湖关庙广记,,,,,何其炜
西湖合集,,,,,
西湖杂咏,,清,,,陈若莲
西湖竹枝词,,,,,陈灿
西湖志,,,,,王端淑
西湖志,,,,,严斯我
西湖志,,,,,夏基
西湖志,,清,,,李卫
西湖志,,清,,,姚靖
西湖志余,,清,,,姚靖
西湖志纂,,清,,,梁诗正
西湖诗话,,,,,
西湖诗草,,清,,,朱从龙
西湖卧游图题跋,,明,,,李流芳
西湖梦寻,,明,,,张岱
西湖渔唱,雪庄西湖渔唱,清,,,许承祖
西湖赋,,清,,增,毛奇龄
西湖揽胜志,,清,,减,夏基
西湖游览志,,明,,,田汝成
西湖游览志余,,明,,,田汝成
西湖麈谈,,,,,
西溪梵隐志,,清,,,吴本泰
西溪集,,宋,,,沈遘
西溪剩稿,,,,,林㧑
先友记,,清,,,胡敬
行都纪事,,宋,,,陈晦
行营杂录,,,,,
兴观集,,元,,,仇远
许氏宗谱,,,,,
许氏祠略,,清,,,许鼎禄
许氏家乘,,,,,
寻初堂诗集,,,,,张松霞
羊朱翁耳邮,,,,减,
尧山堂外纪,,明,,,蒋一葵
夷白斋稿,,元,,,陈基
夷坚乙志,,宋,,增,洪迈
夷坚丁志,,宋,,增,洪迈
夷坚己志,,宋,,增,洪迈
夷坚支志,,宋,,增,洪迈
夷坚丙志,,宋,,增,洪迈
夷坚甲志,,宋,,增,洪迈
夷坚志,,宋,,,洪迈
亦休诗草,,,,,沈维樽
亦有生斋集,,,,,赵怀玉
亦言,,,,减,任侠
异闻总录,,元,,,佚名
因树山房诗钞,,,,,张太复
印雪轩随笔,,清,,,俞鸿渐
有不能草,,清,,,龚斌
有正味斋文集,,清,,,吴锡麒
有正味斋外集,,清,,,吴锡麒
有正味斋词集,,清,,,吴锡麒
有正味斋诗续集,,清,,增,吴锡麒
有正味斋诗集,,清,,,吴锡麒
有正味斋骈体文,,清,,,吴锡麒
有正味斋骈体文续集,,清,,增,吴锡麒
有正味斋集,,清,,增,吴锡麒
有道集,,清,,,冯景
约略说,,清,,,施朝午
在亭丛稿,,,,,李果
在兹堂诗集,,,,,夏曾传
则堂集,,宋,,,家铉翁
贞居先生集,,元,,,张雨
贞素斋集,,元,,,舒頔
执玉堂笔记,,清,,,郑煜
执玉堂稿,,清,,,郑煜
执虚诗钞,,,,,吴蔚光
至正直记,,元,,,孔齐
至顺镇江志,,宋,,,佚名
仲凫文钞,,明,,,崔铣
仲宏集,杨仲宏集,元,,,杨载
朱朗斋先生诗,,清,,减,朱文藻
竹友集,,宋,,,谢薖
竹汀日记,,清,,,钱大昕
竹如意斋诗稿,,,,,沈拱宸
竹庄小集,,,,,
竹里馆集,,清,,,汪沆
竹径小集,,,,减,胡仲彦
竹坡诗话,,宋,,,周紫芝
竹素山房集,,元,,,吾邱衍
竹斋诗集,,宋,,,裘万顷
竹斋集,,明,,,王冕
竹堂诗文合稿,,清,,,马庆蓉
竹堂集,,,,,王锡啸
竹窗二笔,,明,释,,祩宏
竹窗三笔,,明,释,,祩宏
竹窗随笔,,明,释,,祩宏
竹溪诗略,,,,,沈树本
竹溪鬳稿,,,,,林希逸
自怡诗钞,,清,,,孙容轩
自怡悦续稿,,,,,余蕈香
自得斋集,,元,,,叶广居
自然好学斋集,,清,,,汪端
自靖录,,,,,高承埏
沧江虹月词,,,,,汪初
沧洲尘缶编,,宋,,,程光许
沧粟斋诗钞,,清,,,黄士珣
抄刻钤印清祠册,,,,,
成化府志,《成化杭州府志》,明,,,夏时正
成性斋文集,,,,,朱德润
赤堇遗稿,,清,,,叶元堦
吹剑录外集,,宋,,,俞文豹
纯阳祖师延寿育子歌,,,,减,
词科掌录,,清,,,杭世骏
词源,,宋,,,张炎
饭颗山人诗集,,清,,,曹斯栋
防营小志,,,,,
佛祖通载,,清,释,增,念常
扶荔词,,清,,,丁澎
扶荔堂诗集,,清,,,丁澎
抚院题本,,,,,
抚浙奏疏,,清,,,廖寿丰
抚浙疏草,,清,,,朱昌祚
抚浙疏稿,,,,,
改天主堂为天后官碑记,,清,,增,李卫
更生斋文集,,清,,,洪亮吉
攻愧集,,宋,,,楼钥
诂经精舍课艺,,,,,
诂经精舍续集,,清,,,虞文俊
谷响集,,元,释,,善住
过杭郡名宦乡贤祠记,（石刻）,清,,增,纳兰常安
护抚疏稿,,,,,刘树堂
怀古田舍诗钞,,,,,徐荣
怀兰室诗,,,,,汪焜
怀麓堂集,,明,,,李东阳
矶渔诗集,,清,,,卢文弨
鸡肋编,,宋,,,庄季裕
即庵诗存,,清,,,曾灿恒
汲古堂诗稿,,,,,李元烺
劫梦泪谈,,清,,,吴绍箕
戒杀放生文,,,,减,
戒杀弭劫编,,,,,
快堂集,,,,减,冯开之
快雪堂日记,,明,,,冯梦桢
快雪堂文集,,明,,,冯梦桢
快雪堂漫录,,明,,,冯梦桢
旷园杂志,,清,,,吴宝崖
来鹊山房诗稿,,清,,,张炳
冷庐杂识,冷庐杂志、冷庐续志,清,,,陆以湉
冷庐医话,,清,,,陆以湉
冷庐诗钞,,清,,,陆以湉
冷庐臆言,,清,,,陆以湉
冷香斋诗钞,,清,,,陈杞
李堂挽诗,,,,减,
李草阁诗集,李草阁集,明,,,李晔
里居杂诗,,清,,,李樟
里居杂诗注,,清,,减,李樟
两当轩集,,清,,,黄景仁
两间草堂诗文集,,清,,,徐林鸿
两般秋雨庵诗选,,清,,,梁绍壬
两般秋雨庵诗稿,,清,,,梁绍壬
两般秋雨庵随笔,,清,,,梁绍壬
两峰楼集,,清,,,张振孙
两浙名贤录,两浙名贤外录,明,,,徐象梅
两浙防护录,,,,,
两浙防护祠墓陵寝录,,清,,减,阮元
两浙金石志,,清,,,阮元
两浙校官诗录,,,,,
两浙盐法志,,,,,
两浙輶轩录,两浙輶轩续录,清,,,阮元
两朝纲目备要,,宋,,,佚名
两湖塵谈,,,,,
两溪文集,,明,,,刘球
灵石山房稿,,清,,,施绍武
灵应大帝化书实事,,,,,张邦济
灵岩集,,宋,,,唐士耻
灵芬馆诗,,清,,,郭麐
灵芬馆诗话,,清,,,郭麐
庐山集,,,,,
庐陵县志,,清,,,李寅清
妙法莲华经注,,,,,
妙明书屋遗集,妙明书屋诗,清,,,金焜
妙香诗钞,,,释,,汉兆
妙峰遗稿,,清,,,张世荦
牡丹诗,,清,,减,丁文蘅
牡丹诗草行本,,清,,,丁文蘅
启运录,,,,,陈建明
求是堂诗集,,,,,胡承珙
沙河逸老小稿,,清,,,马日琯
沈氏宗谱,,,,,
沈文忠公自订年谱,文忠公自订年谱,清,,,沈兆霖
沈文忠公集,文忠公集,清,,,沈兆霖
沈赤然自编年谱,沈梅村赤然自订年谱,,,,沈梅村
寿松堂孙氏珍藏金石录,,清,,,孙仰曾
寿松堂诗话,,,,,徐来泰
寿松堂诗稿,,,,,徐来泰
寿花堂诗集,,清,,,黄模
寿雪山房诗稿,,清,,,陈广宁
寿菊仙馆吟稿,,,,,徐光绮
宋仁宗飞白歌,,,,减,高应午
宋文宪公全集,又称宋学士集,明,,,宋濂
宋元通鉴,,明,,,薛应旂
宋史,,元,,,脱脱
宋史纪事本末,,明,,,陈邦瞻
宋史全文,,元,,,佚名
宋史新编,,明,,,柯维骐
宋会要,,,,,范师道
宋状元录,,,,,
宋季三朝政要,,,,,佚名
宋京城图,,,,,
宋诗纪事,,清,,,厉鹗
宋学士集,,明,,增,宋濂
宋高僧传,,宋,释,增,赞宁
宋浙江图,,,,减,
宋崔清献公言行录,,明,,,崔子璲
听雨录,,,,,陈玉几
听雨斋诗集,,清,,,吴照
听雨楼集,,清,,,汪沆
听秋声阁诗钞,,清,,,秦湘业
听秋馆吟稿,,,,,朱承鉽
听秋馆诗,听秋馆初选诗,,,,黄经纬
听泉诗钞,,清,,,张达庆
听香斋集,,清,,,胡珵
听香斋集诗注,,清,,减,胡珵
听雪楼稿,,,,,黄孙灿
听鹂亭诗集,听鹤亭诗集,清,,,戴廷熺
听潮集,,清,,,阮芝生
投壶诗集,,清,,,朱文藻
投辖录,,宋,,,王明清
吞松阁集,,清,,,郑虎文
汪氏武林支谱,,,,减,
汪氏家乘,,,,,
汪氏秘籍,,,,,
尾蔗丛谈,,,,,李调文
吴山考古略,,,,,
吴山集,,,,减,
吴山雅集图记,,清,,增,陈鱣
吴山遗事诗,,清,,,朱彭
吴山楹对录,,清,,,童丽金
吴氏家集,,清,,,吴清鹏
吴氏鷇音,,清,,,吴宁
吴之山集,,,,增,
吴中金石记,,,,,顾沅
吴礼部诗话,,,,,吴师道
吴泾苹唱,,,,,姚燮
吴涧莼诗选,,,,,吴曾贯
吴清鹏诗注,,清,,增, 吴清鹏
吴越备史,,宋,,,钱俨
吾尽吾意斋乐府,,,,减,陈皋
匣剑集,,清,,,戴熙
闲居闲言,,清,,减,汪绍莲
闲居录,,元,,,吾邱衍
闲味轩诗钞,,,,增,
闲谈消夏录,,,,,李翊清
亨甫诗选,,,,,张际亮
肖愚诗稿,,,,增,
孝娥古井真迹碑记,,清,,增,王凯泰
孝慈庵集,,,,,
辛酉记,,清,,,张光烈
秀砚斋吟稿,,清,,,赵信
轩渠录,,,,,吕居仁
巡西道修造军火器械碑,,明,,,郭奎
严州府志,,清,,,胡书源
延芬堂集,,,,,汪鹤声
杨文敏公集,,明,,,杨荣
杨文懿公文集,,明,,,杨起元
杨知审斋诗钞,,,,,
杨鸿钧挽诗,,,,减,
医林指月侣山堂类辨,作者错误,,,减,张志聪
医林指月侣山堂类辩序跋,,清,,增,王琦
艺香词钞,,清,,,吴绮
吟红阁诗钞,,清,,,夏伊兰
吟孙书屋诗钞,,,,,王有钧
吟竹山房诗,吟竹山房集,清,,,琐成
吟余琐识,,清,,,孙兆麟
吟花室诗存,,清,,,孙兆麟
吟惧山房诗,,清,,,龚禔身
应潜斋先生集,应潜斋集,清,,,应㧑谦
酉山诗钞,酉山诗草,清,,,王大全
余香草堂集,,,,,潘孝基
余姚县志,,清,,,唐若瀛
余庵杂录,,,,,陈恂
园诗前集,,,,减,李天植
张子野词,,宋,,,张先
张文端公全集,,清,,,张鹏翮
张光弼诗集,,元,,增,张昱
张𡵚老编年诗,玠老编年诗,,,减,金张
张来仪文集,,,,,
张忠烈公祠堂碑铭,,清,,,董沛
张裕诗,,,,减,
志怪录,,明,,,祝允明
志雅堂杂钞,,宋,,,周密
志壑堂诗集,,清,,,唐梦赉
豸华堂文钞,,清,,,金应麟
豸华堂存稿,豸华堂诗钞,清,,,金应麟
忠孝祠记,,清,,增,沈升峤
忠雅堂集,忠雅堂文集,清,,,蒋士铨
忠敬堂汇录,,清,,,胡嗣运
作朋集,,,,,严仲子
败皮集,,,,,陈树楷
宝仁堂鹿革囊,,,,,俞钟云
宝日轩诗集,,清,,,汪德溥
宝纶堂文钞,,清,,,齐召南
宝纶堂诗钞,,清,,,齐召南
宝纶堂集,,明,,,陈洪绶
宝极观重建三清殿碑铭并序,,清,,增,魏谦升
宝闲堂集,,清,,,张四科
宝祐四年登科录,,,,,
宝真斋法书赞,,宋,,,岳珂
宝幢诗钞,李宝幢先生诗钞,清,,,李汪度
抱山堂续集,,清,,减,朱彭
抱山堂集,,清,,,朱彭
抱玉堂集,,清,,,周三燮
抱经堂文集,,清,,,卢文弨
泊鸥山房集,,清,,,陶元藻
补陀伽山传附录,,元,,,盛熙明
采兰簃集,,清,,,
采访节孝祠案录,,,,,
采菽堂诗集,,清,,,陈祚明
参学知津,,清,释,,显承
昌化县志,,,,,
昌谷集,,唐,,,李贺
陈氏家谱,,,,,陈德星
陈氏家谱,,清,,,陈玉照
陈氏家谱考略,,,,减,
陈氏谱牒纪略,,清,,,陈玉照
陈允平诗,,,,减,
陈际叔诗,,清,,,陈廷会
陈乾初先生文集,,清,,,陈乾初
陈敬亭方伯文,,,,减,
诚斋诗话,,宋,,,杨万里
诚斋集,杨诚斋集,宋,,,杨万里
诚意伯文集,,明,,,刘基
邸钞全录,,,,,
钓鱼篷山馆集,,,,,刘佳
定山堂诗余,,清,,,龚鼎孳
定乡杂著,,清,,,胡敬
定香亭图记,定香亭图记（石刻）,,,,瞿鸿机
定香亭笔谈,,清,,,阮元
定香亭赋,,清,,减,端木国瑚
定斋集,,宋,,,梁戡
定庵文集,,清,,增,陈之暹
咄咄吟,,清,,,贝子木
法喜集,,清,释,,禅一
放翁逸稿,,宋,,增,陆游
氛垢未离集,,,,,俞国琛
枫窗小牍,,宋,,,袁褧
奉萱集,,清,,,汪沆
庚己编,,明,,增,陆粲
庚巳编,,明,,减,陈灿
庚辛泣杭录,,清,,,丁葆和
庚溪诗话,,宋,,,陈岩肖
姑苏志,,,,,卢熊
孤石山房诗集,,清,,,沈心
国史馆列传,,,,,
国史唯疑,,,,,
国史儒林传,,清,,增,阮元
国初事迹,,明,,,刘辰
国朝文征,,清,,,吴翌凤
国朝耆献类征初编,,清,,,李桓
还读斋诗,还读斋集,清,,,韩葑
杭州八旗驻防营志略,,清,,,张大昌
杭州三书院纪略,,清,,,王同
杭州土桥莲居庵碑记,,,,,薛邦瑞
杭州府仁和县儒学田碑记,,明,,增,
杭州府志,不详,,,增,
杭州府学观宋石经赋,,,,减,朱锡荣
杭州府学观南宋石经赋,,,,减,施补华
杭州使院范文正公祠记,,清,,增,
杭州南雷二将军庙碑,,,,增,
杭州郡庠乡贤题名碑记,,,,,虞囗
杭州路重建庙学记,,元,,减,孟昉
杭城永济仓新廒记,,清,,增,唐壬森
杭郡诗二辑,,清,,增,丁申、丁丙
杭郡诗三辑,,清,,,丁申、丁丙
杭郡诗续集,,清,,增,丁申、丁丙
杭郡诗续辑,,清,,,吴振棫
杭郡诗辑,,清,,,吴灏
杭郡重修礼拜寺记,（石刻）,明,,增,郑厚
杭都杂咏,,清,,,张鉽
杭嘉义学合志,,,,,
和鸣集,,,,,冯娴
河干小记,,清,,,陆廷旬
虎林春游记,,明,,,张煌言
虎跑寺志,,清,释,,法深
画法大成,,,,,朱寿镛
画征录,,,,,张庚
画舫斋词,,,,,朱人凤
画梅楼词,,,,,汤雨生
画髓元诠,,明,,增,卓尔昌
话云轩咏史诗,,,,,曹振镛
话堕集,,清,释,,篆玉
环山房诗钞,环山房诗草,清,,,施远恩
环翠阁诗钞,,,,,张介
驾斋集,,清,,,施廷枢
驾部前集,李时行驾部前集,,,,李时行
节孝祠记,,,,,
节孝碑记,,,,,
节庵集,高节庵集,,,,高得阳
玠老编年诗,张玠老编年诗,清,,,金张
玠老编年诗注,,清,,减,金张
金牛湖渔唱,,清,,减,张云璈
金氏宗谱,,,,,
金龙祠墓录,金龙四大王祠墓录,清,,,仲学辂
金石屑,,清,,,鲍昌照
金陀续编,,宋,,,岳珂
金帚集,,,,,冯春潮
金陵集,,清,,,吴农祥
金粟逸人逸事,,清,,,朱琰
金粟影庵存稿,,清,,,顾澍
金粟影庵词,,清,,,顾澍
金鼓洞志,,清,,,朱文藻
金德瑛诗存,,,,,
近山堂集,,明,,,金璐
近清堂诗,近清堂集,,,,卓尔堪
近游诗钞,,,,,沈大成
泾皋藏稿,,明,,增,顾宪成
经义考,,清,,,朱彝尊
经纬堂诗集,,,,,杜臻
经草堂遗稿,,,,,邱永云
经畲堂诗稿,,清,,,张世进
经鉏堂杂志,经纽堂杂记,宋,,,倪思
经韵楼集,,清,,,段玉裁
净土咏史,,元,,,李齐
净慈寺志,,清,释,,际祥
居业堂文稿,,清,,增,
居竹轩集,,元,,,成廷珪
具茨文集,,明,,,王立道
连枝图题咏集,,清,,,许承基
林下偶谈,,,,,荆溪吴氏
岭云诗钞,,清,,,程之琇
岭南游草,,,,,姚承宪
泠然斋集,,宋,,,苏泂
录鬼簿,,,,,钟嗣成
陆氏家谱,,清,,,陆繁弨
陆丽京笔记,,明,,,
陆放翁年谱,,清,,,钱大昕
陆浑山人集,,,,,胡栗
陆芑洲遗稿,,清,,,陆文谟
罗安集,,,,减,高树程
罗圭峰集,,明,,,罗玘
孟亭居士文稿,,清,,,冯浩
孟亭居士诗稿,,清,,,冯浩
孟晋斋诗集,,清,,,陈章
明一统志,,明,,,李贤
明书,,清,,,傅维麟
明文海,,清,,,黄宗羲
明月庵碑记,,明,,增,钱受益
明史,,清,,,张廷玉
明应谥名臣备考录,,,,,林之盛
明诗综,,清,,,朱彝尊
明斋小识,,,,,诸联
明浙江布政使司督粮道题名记,（石刻）,明,,增,李叔元
明碧轩诗,,,,减,王介甫
明僧宏秀集,,明,,减,宏秀
牧斋有学集,,清,,,钱谦益
牧斋集,,清,,,钱谦益
牧潜集,,元,释,,圆至
妮古录,,明,,,陈继儒
拗堂诗集,,,,,景星杓
欧阳文忠公集,,宋,,,欧阳修
欧庵诗钞,,,,,胡世巽
庞氏家谱,,清,,,庞文来
佩韦斋文集,,宋,,,俞德邻
佩堂吟草,,,,,杨金兰
奇零草,,,,,
侨吴集,,元,,,郑元祐
青山集,,元,,,赵文
青岑遗稿,,清,,,朱棆
青阁集,,,,,陆进巢
青贻堂存稿附录,,清,,增,
青棂馆诗稿,,,,,倪象占
青崖集,,元,,,魏初
青湖杂志,,,,,
青疏寮集,,,,减,王路
青霞集,,,,,李时行
取斯集,,,,,许震元
取斯集诗选,,清,,减,戴廷熺
尚友堂诗集,,,,,马次山
绍兴十八年同年小录,,宋,,,佚名
邵位西遗文,,清,,,邵㦤辰
审是斋诗钞,,,,,杨知
诗人玉屑,,宋,,,魏庆之
诗话总龟,,宋,,,阮阅
诗娱室诗集,,清,,,黄安涛
诗苑雅谈,,清,,,罗以智
实夫诗存,,清,,,李若虚
使琉球录,,清,,,汪楫
使琉球录,,明,,,萧崇业
始丰稿,,明,,,徐一夔
事物纪原,,宋,,,高 承
松乡集,松乡文集,元,,,任士林
松凫吟草,,,,,邵希曾
松声池馆诗存,,清,,,汪璐
松雪斋集,,元,,,赵孟頫
松窗笔乘,,,,,方象瑛
松窗梦语,,明,,,张瀚
松隐文集,,清,,,曹廷栋
松隐集,,宋,,,曹勋
松塍斋遗稿,,,,,余大观
松韵堂集,,明,,减,孙七政
松霭诗略,,,,,周寿
松籁阁诗钞,,清,,,陈均
松鳞诗集,,清,,,孙大志
昙云阁诗集,,,,,曹楙坚
弢甫文集,桑弢甫集,清,,,桑调元
帖经小课跋,,清,,,孙志祖
玩斋集,,元,,,贡师泰
玩鹿亭稿,,明,,,万表
宛委山人诗集,,,,,刘正谊
味青馆笔记,,清,,,张应昌
味道轩笔记,,清,,,杨文杰
卧月轩诗稿,,清,,减,顾若璞
卧云轩集,,清,,减,周骏发
卧云诗钞,,,,,仇兰
卧陶轩集,卧陶轩诗集,清,,,周骏发
武林人物志略,,,,,
武林人物新志,,清,,,施朝乾
武林王氏宗谱,,,,增,
武林文献,,,,,
武林文献按语,,明,,减,吴允嘉
武林文献集录,,,,减,
武林元妙观志,,清,道,减,仰蘅
武林古迹考,,,,,
武林旧事,,宋,,,周密
武林石刻记,,,,,
武林市肆吟,,,,,
武林访碑录,,清,,,黄易
武林纪略,,,,,黄鸣俊
武林纪事,,明,,,吴瓒
武林孙氏家乘,,,,增,
武林汤氏宗谱,,清,,,汤砚农
武林先雅,,清,,,黄模
武林杂志,,清,,,林澜
武林杂录,,清,,,卢文弨
武林杂事记,,,,,
武林杂事诗,,,,,丁立诚
武林坊巷全图,,清,,,胡次瑶
武林志余,,清,,,张旸
武林金石志,,清,,,倪涛
武林事物杂咏诗,,清,,减,沈仲炘
武林怡老会诗集,,明,,,张瀚等
武林钞,,,,减,
武林闻见录,,,,,
武林耆旧志,,,,,
武林耆旧集,,明,,,李旻
武林神祗考,,,,,张子春
武林谈薮,,清,,增,朱彭
武林梵志,,明,,,吴之鯨
武林联话,,清,,减,丁立中
武林棹楔录,,清,,,高金栋
武林遗稿,,,,,
学古录,,元,,减,赵孟頫
学古集,,清,,,宋大樽
学佛考训,,,,,
学诗初稿,,宋,,,王同祖
学易山房诗稿,,,,,程继朋
学积堂二集,,,,减,程端
学院创设憎字炉碑,（石刻）,清,,增,周兆基
学福斋诗集,,清,,,沈大成
学福堂集,错误,清,,减,沈士成
宜斋野乘,,宋,,,吴枋
宜堂小稿,,,,,
怡云诗稿,,,,,吴鉴
怡云集,,,,,赵泰
怡园诗草,,清,,,盛元
怡园诗集,,清,,,姜安
怡亭诗草,,清,,减,姜安
怡颜诗钞,,,,,章廷宏
峄琴诗集,,清,,,潘衍桐
拥书楼诗钞,,清,,,李文通
拥被吟,,,,,屠维
拥被吟,,清,,,陈云飞
咏梅轩思忠录,,清,,增,谢兰生
雨枫诗存,,,,,瞿贻孙
远村吟稿,,清,,,陈修可
岳侯传,,,,,
枣林杂俎,,清,,,谈迁
枣林诗集,,清,,,谈迁
择福堂日记,,清,,,邹在寅
泽雅堂集,,清,,,施补华
枕山阁诗草,,清,,,叶丹
枕山楼吟稿,,清,,,钱选
枕经堂题跋,,清,,,方朔
征君文钞,吴庆百征君文钞,,,,吴庆百
枝山集,,明,,,祝允明
枝玉诗钞,枝玉诗草,,,,严以宽
知止堂文集,,清,,,朱绶
知止堂词录,,清,,,朱绶
知止堂诗录,,清,,,朱绶
知圣道斋读书跋尾,,,,,
知足斋文集,,清,,,朱珪
知还集,,清,,,张云璈
知悔斋诗稿,,,,,张士宽
织染局碑记,,明,,,江晓
直道录,,明,释,,袾宏
质园诗集,,清,,,商盘
周氏广业宁志余闻,,,,减,
周东田集,,,,,
周益公文忠集年谱,,,,,
周益公奏议,,宋,,,周必大
周益公集,,宋,,,周必大
卓庐文稿,,清,,,陈墉
拙吾诗稿,,清,,增,高鼎
拙宜处存稿,,清,,,邢浩图
宗文义塾规条,,,,,
总抚浙江都察院题名记,,清,,增,陈应泰
邹氏宗谱,,,,,
邹道乡集,,宋,,,邹浩
拜石山房诗钞,,,,,顾瀚
拜经楼诗话,,清,,,吴骞
拜经楼诗集,,清,,,吴骞
拜经楼藏书题跋记,,清,,,陈鳣
保母砖跋尾,,清,,,高士奇
保甓斋文录,,清,,,庄仲芳
表忠观碑,,宋,,减,苏轼
表忠观碑纪事记,,,,减,
表忠观碑纪事序,,,,减,
表忠观碑纪事诗,,,,,
屏岩小稿,,,,,张观光
查伊璜年谱,,,,,
查浦诗钞,,清,,,查嗣瑮
查浦辑闻,,清,,,查嗣瑮
柴氏家谱,,,,,
柴省轩文钞,省轩文钞,清,,,柴绍炳
城北读书余记,,清,,,陈光照
城北集,,清,,,高士奇
城东许氏祠略,,,,,
城东草堂诗,,清,,,潘承翰
城东集,,,,,张枢
城西小志,,清,,增,廷玉
城西丛录,,,,,蔡玉瀛
城西古迹考,,,,,
城南小志,,清,,,廷玉
城南访碑录,,清,,,姚已元
城隍庙旧志,,,,增,
城隍庙志,,清,,,卢松
重论文斋笔录,,清,,,王端履
重设仁和学宫祭名宦乡贤祠木主记,,清,,增,王庶善
重阳庵八咏诗,,,,减,
重阳庵志,,,,,
重阳庵集,,明,,,梅志暹
重复慧云寺建宣义张公祠碑,,宋,,增,吴用先
重建小天竺禅林碑记,（石刻）,清,释,增,际亮
重建仁和县学记,,清,,增,马新贻
重建仁和县属学明伦堂碑记,,清,,增,包映奎
重建东桥碑记,,清,,增,祖光佩
重建宝善桥记,,清,,增,俞嘉森
重建海会寺记,（石刻）,清,,增,熊学鹏
重建钱塘县学记,,清,,增,马新贻
重建钱塘县学碑记,,清,,增,谷应泰
重阆斋集,,,,,汪德容
重修仁和县儒学记,,清,,增,徐庶
重修天后宫碑记,,清,,,张浚万
重修东岳中兴观记,,明,,减,江晓
重修后乐园记,（石刻）,清,,,陈元鼎
重修兴福庙碑记,重修兴福庙碑记石刻,,,,张恩杰
重修两浙盐法志,,明,,减,王圻
重修吴山祗园寺记（石刻）,,清,,减,卢文弨
重修忠孝泉井亭记,,清,,,王祖光
重修忠烈庙碑记,,,,,
重修杭州右卫左所天妃宫记,,,,增,黄克谦
重修杭州府学明伦堂碑记,,明,,,黄鸣俊
重修杭郡名宦乡贤祠记石刻,,,,减,纳兰常女
重修钱塘县学记,,清,,增,钱琦
重修钱塘学建尊经阁复褒忠祠碑记,,清,,增,觉罗满保
春风草堂诗,,清,,,朱点
春及堂诗集,,清,,,倪国琏
春凫小稿,,清,,,符曾
春在堂文集,,清,,,俞樾
春在堂杂文,,清,,,俞樾
春在堂诗编,,清,,,俞樾
春早堂集,,,,,俞灏
春园吟稿,,消,,,查有新
春雨诗钞,,清,,,黄大龄
春柳堂诗钞,,清,,,卢之翰
春星堂诗集,,明,,增,汪汝谦
春星堂绮咏,,明,,,汪汝谦
春星草堂诗稿,,清,,,吴熙
春晖堂诗集,,清,,,夏鸾翔
春圃遗草,,,,,黄基
春渚纪闻,,宋,,,何薳
春融堂集,,清,,,王昶
带星草堂诗,,,,,曹文植
洞微志,,宋,,,钱易
独旦集,,清,,,高士奇
独学庐初稿,,清,,,石蕴玉
独醒杂志,,宋,,,曾敏行
盾鼻余沈,,清,,,左宗棠
复丁老人草,,,,,张云璈
复见心斋诗钞,,清,,,孙人凤
复庄诗问,,清,,,姚燮
复初斋文集,,清,,,翁方纲
复初斋诗集,,清,,增,翁方纲
柑园小识,,清,,减,朱枫
诰封奉政大夫江南左营游击暑城守副将加三级孙公墓志铭,,,,增,
阁泉吟稿,,,,,熊逵
虹映堂诗集,,清,,增,郭浚
虹映堂集,,清,,,郭浚
虹桥老屋吟稿,,清,,,秦湘业
闺阁诗钞,,,,,
癸辛杂识,,宋,,,周密
贵耳录,,宋,,,张端义
洪武府志,洪武杭州府志,明,,,徐一夔
洪钟襄惠公集,,明,,,洪钟
洪道大师像记,（石刻）,,,增,
厚石斋集,,清,,,汪孟鋗
厚甫文集,,清,,,陈钟麟
狯园,,明,,,钱希言
皇甫司勋集,,明,,,皇甫汸
皇清文学徐问翁自撰墓志铭,,清,,增,徐楙
挥麈三录,,宋,,,王明清
挥麈后录,,宋,,,王明清
挥麈余录,,宋,,,王明清
挥麈前录,,宋,,,王明清
活人书,,,,,
剑南诗稿,,宋,,,陆游
剑南逸稿,,明,,减,毛晋
建炎以来系年要录,,宋,,,李心传
建炎以来朝野杂记,朝野杂记,宋,,,李心传
建造节义庵碑记,,清,,增,严沆
姜白石词集,,宋,,,姜夔
姜蓉塘文,,,,减,
绛云楼书目,,清,,,钱谦益
觉民诗集,,,,,丁翊
觉生咏史诗钞,,,,,鲍桂星
觉庵类咏,,,,,
觉庵续咏,,清,,,陈春晓
洁夫文集,,清,,,柳囗
绝妙好词,,宋,,,周密
绝妙好词记事,,,,,
绝妙好词笺,,清,,,查为仁、厉鹗
看云吟稿,,,,,张鸿勋
柯家山馆词,,清,,,严元照
柯家山馆遗诗,,清,,,严元照
客杭日记,,元,,,郭畀
客窗二笔,,,,减,金捧阊
客越志略,,明,,,王稚登
郎仁宝杂文,郎仁宝集文,明,,,郎瑛
郎潜纪闻,,清,,,陈康祺
类博稿,,,,减,岳正
临安旬制纪,,清,,,张道
临安集,,明,,,钱宰
临江乡人集,,清,,,吴颍芳
临野堂别集,,清,,,钮琇
临野堂集,,清,,,钮琇
玲珑帘词,,清,,,吴焯
流芳亭总记,,清,,,
柳待制文集,,,,,柳贯
柳南文钞,,,,,王应奎
柳南续笔,,,,,王应奎
柳南随笔,,,,,王应奎
柳洲子集,,清,,,兆熊
柳洲遗稿,,清,,,魏之琇
柳塘外集,,宋,释,,道璨
勉行堂诗集,,清,,,程普芳
勉戒切要录,,,,,吴明高
闽游杂诗,,,,,赵𥮏
闽幕纪略,,,,,许旭
洺水集,程洺水集,宋,,,程泌
耐冷续谭,,清,,,宋咸熙
耐冷谭,,清,,,宋咸熙
南山集,,,,,宋潜虚
南丰集,,宋,,,曾巩
南北纪事,,清,,减,陆梯霞
南田诗,,清,,,恽格
南华诗钞,,,,,张鹏翀
南村诗稿,,,,,潘高
南宋古迹考,,清,,,朱彭
南宋杂事诗,,清,,,沈嘉辙
南宋相眼,,,,,
南宋院画录,,清,,,厉鹗
南宋馆阁录,,宋,,,陈骙
南巡进呈御览,,,,,
南巡盛典,,清,,,高晋
南巡盛典图说,,,,,
南屏山房集,,,,,陈昌图
南香草堂诗集,,清,,,梁启心
南涧吟草,,清,释,,实月
南野堂笔记,,清,,,吴文溥
南野堂集,,清,,,吴文溥
南窗纪谈,,,,,佚名
南湖纪闻,,,,,
南湖草堂诗集,,元,,,施学韩
南湖集,,,,,贡性之
南湖集附录,,,,减,
南湖集缘起,,宋,,减,
南雷诗历,,清,,,黄宗羲
南楼吟草,,,,,徐映玉
南楼诗钞,,清,,,孙宏
南溪寤歌,,清,,,郑性
南墅小稿,,,,,徐以震
南漪遗集,,,,,张熷
南漳子,,清,,,孙之騄
南疆绎史,,,,,
瓯北集,,清,,,赵翼
瓯亭小稿,,清,,,吴城
瓯香馆集,,清,,,恽格
鸥群馆应试诗赋钞,,清,,,徐熊飞
祈雨宝录,,,,减,俞宾梅
咠湖诗钞,,清,,,王路清
前贤小集拾遗,,宋,,,无名氏
钤山堂集,,明,,,严嵩
浅山园诗集,浅山园集,清,,,李芝
浅山堂集,,清,,,赵贤
亲睦堂诗钞,,,,,张炯
钦斋诗稿,,清,,,苏惇元
钦斋稿,,,,减,陆飞筱
钦善吉堂诗稿,,清,,增,张若采
秋山书屋诗存,,,,,严永昶
秋水集,,,,,吴严
秋江烟草,宋百家诗存,宋,,,张弋
秋声馆吟稿,,清,,,符之恒
秋泾笔乘,,明,,,宋凤翔
秋林琴雅,,清,,,厉鹗
秋岩诗存,,清,,,黄楷
秋铃集,,清,,,吴农样
秋啸堂诗稿,,清,,增,孙麟
秋雪山房遗稿,,清,,,徐廷锡
秋窗病余录,,,,,蔡廷弼
秋景庵印跋,,,,,
秋药庵诗集,,清,,,马履泰
秋塍书屋文钞,,清,,,王斯年
秋塍书屋诗钞,,清,,,王斯年
秋籁轩集,,清,,,金世绶
泉州志,,,,,
泉南杂志,,明,,增,陈懋仁
绕竹山房续诗稿,,,,,朱文治
珊珊轩诗,,,,,徐梦元
珊瑚木难,,明,,,朱存性
珊瑚网,,明,,,汪珂玉
珊瑚网法书题跋,,明,,,汪珂玉
省吾斋诗赋集,,清,,,窦光鼐
省斋文稿,,,,,
胜朝彤史拾遗,,清,,,毛奇龄
食古研斋诗初集,,清,,,陈瑞琳
是亦轩诗稿,,,,,
是亦草堂诗稿,,,,,杨元恺
是程堂倡和投赠集,,,,减,
是程堂集,,清,,,屠倬
树经堂咏史诗,,,,,
述异记,,梁,,,任昉
述学,,清,,,汪中
说诗堂集,,清,,,诸匡鼎
说饼斋集,,,,,郝莲
说储二集,,明,,,陈禹谟
思古堂集,,清,,,毛先舒
思旧录,,,,,
思忠录,,,,减,
思补斋诗集,,清,,减,潘世恩
思补斋笔记,,清,,,潘世恩
思复斋稿,,,,,胡粹中
思贴堂诗钞,,清,,增,
思陵录,,宋,,,周必大
思绮堂集,,清,,,章藻功
俟宁居偶咏,,,,,朱休度
恬养斋集,,清,,,罗以智
恬裕斋藏书记,,清,,,瞿镛
恸余杂记,,,,,史惇
威凤堂偶录,,清,,,陆圻
畏庵零缀集,,,,,徐炳
闻见闲言,,,,,汪绍莲
闻见琐录,,,,,陶大年
洗句亭诗钞,,清,,,曹芝
洗我蓬心庐偶吟,,清,,,孙震元
洗冤录集说,,宋,,,宋慈
咸丰年修浚黄婆荡碑记,,,,减,
咸淳志,咸淳临安志,宋,,,潜说友
香南雪北庐词,,清,,,吴藻
香树斋文集续钞,,清,,,钱陈群
香树斋诗集,,清,,,钱陈群
香苏山馆诗钞,,,,,吴嵩梁
香消酒醒词,,清,,,赵庆熺
香禅精舍集,,清,,,潘钟瑞
项氏家乘,,清,,,项焘
信征录,,清,,,徐庆滨
星叟诗,吴星叟诗,清,,,吴庆百
星苏集,,,,减,
须草堂集,,,,,王台夫
弇州稿,,明,,,王世贞
咽喉脉证通论,,清,,,许乃济
砚北删余,,,,,诸克绍
砚寿堂诗钞,,,,,吴存楷
砚林诗集,,清,,,丁敬
砚香斋诗钞,,,,,诸璧发
砚堂吟稿,,,,,赵信秀
养生经验合集,,清,,,毛世法
养余丛稿,,清,,,张大昌
养园集,,清,,,许乃普
养疴丛记,,清,,,姚已元
养瘉丛稿,养余丛稿,清,,减,张大昌
养蒙集诗,,,,减,张伯淳
姚舍人文集,,宋,,增,姚勉
姚舆正夫集,姚舆正夫文集,清,,,姚舆
耶溪渔隐词,,清,,,屠晫
贻砚斋诗稿,,清,,,孙秀芬
贻砚堂诗集,,清,,,高光煦
贻清堂集,,,,,
映雪楼文偶钞,,清,,,庄仲方
幽怪录,,唐,,,牛僧孺
昭代文选,,清,,,丁灏
昭平先生传,,,,,陈定九
昭庆律寺志,,清,,,吴树虚
昭忠录,,明,,,周璟
赵恭毅公剩稿,,清,,,赵申高
柘轩集,凌柘轩集,明,,,凌云翰
郑孔肩文集,,明,,,郑圭
郑忠肃公年谱,,宋,,,郑兴裔
钟秀堂集,,,,,吴镇
钟秀堂遗稿,,,,,吴镇
种秀堂遗稿,书名错误,,,减,吴镇
种药斋诗钞,,,,,陈时
种榆仙馆诗,,清,,,陈鸿寿
斫研山房诗钞,,,,,沈炳恒
昨非庵日纂,,,,,郑暄
爱日堂吟稿,,清,,,赵昱
爱日堂附稿,,,,,
爱日堂诗稿,,清,,减,赵昱
爱日堂集,,清,,,孙宗彝
病榻琐谈,,清,,,屠倬
苍砚山人集,,,,,吴泰
苍源剩草,,清,,,冯梦祖
耻斋吟稿,,,,,
读史方舆纪要,,清,,,顾祖禹
读史诗,,,,,
读耕草堂集,,,,,褚如通
读雪轩稿,,,,,孙承勋
峨嵋山房吟草,,清,,,沈飏
芬香阁初编,,清,,,王褧之
峰青馆诗钞,,清,,,钱国珍
浮溪集,,宋,,增,汪藻
皋亭山日佛寺金台大师铭,,清,,增,张缙彦
皋亭山馆诗草,,清,,,范元伟
高氏宗祠石刻记,,,,增,沈赤然
高阳许氏家谱,,,,,
高阳挽集,,,,,
高尚书夜山图,,,,减,
高宗纯皇帝御制吴山诗十首,,清,,增,乾隆
高宗纯皇帝御制诗二集,,,,,
高宗纯皇帝御制诗三集,,,,,
高宗纯皇帝御制诗囗集,,,,增,
高宗纯皇帝御制诗五集,,,,,
高宗纯皇帝御制诗四集,,,,,
高隐山房诗钞,,清,,,水上善
高隐山楼诗钞,,清,,,水上善
高菊涧集,,,,,高翥
耕余集,,,,,张尔嘉
耕畲堂杂记,,清,,,姚士隆
躬厚堂集,,,,,张金镛
顾柏子集,,明,,,顾允默
鬼董,,,,,
桂山堂诗钞,,,,,王嗣槐
桂岩小隐集,,,,,魏银河
桂留山房诗集,,清,,,沈学渊
桂馨堂集,,清,,,张廷济
桧亭集,,元,,,丁复
桧庭吟稿,,,,减,葛起耕
海宁州志,道光海宁州志,清,,,朱绪曾
海宁陈氏家谱,,清,,,陈元龙
海宁陈氏家谱世传,,,,,
海宁陈氏家谱纪略,,,,,陈邦直
海宁陈氏家谱考略,,,,增,
海昌备志,,清,,,钱泰吉
海陵集,,宋,,,周麟之
海野词,,宋,,,曾覿
浩然斋雅谈,,宋,,,周密
花团锦簇楼诗辑,,清,,,蔡尔康
花宜馆诗钞,,清,,,吴振棫
花雨山楼随笔,,清,,,沈学祖
花南诗集,,清,,,陈韶
花巢诗稿,,,,,傅岩
花隐庵随笔,,清,,,孙泰吉
花溪集,,元,,,蒋梦麟
花韵轩诗词,,,,,蒋恭亮
悔庵学文,,清,,,严元照
积山先生遗集,积山遗集,清,,,汪惟宪
积斋集,,元,,增,程端学
继声堂集,,清,,,张寅
继述堂集,,,,增,
继雅堂诗集,,清,,,陈仅
涧泉日记,,宋,,,韩㴲
涧泉诗余,,宋,,,韩㴲
涧泉集,,宋,,,韩㴲
借闲生词,,清,,增,汪远孙
借闲生诗,,清,,,汪远孙
芥园诗稿,,清,,,汪介寿
晋砖酬唱诗,,清,,,胡虔
烬余编杂诗,,,,,丁汝为
捐输生息碑,,清,,增,
狷斋遗稿,,清,,,邹志路
浪迹丛谈,,清,,,梁章钜
留余堂诗钞,留余草堂诗钞,清,,,夏之盛
留余草堂诗钞二集,,清,,减,夏之盛
留青日札,,明,,,田艺衡
留青集,,清,,,陈枚
留春草堂诗钞,,清,,,伊秉绶
留素堂诗集,,,,,蒋薰
旅堂诗集,,,,减,胡介
秘殿珠林,,清,,,
冥报录,,清,,,陆圻
秣陵集,,清,,,陈文述
能改斋漫录,,,,,吴上尊
倪文僖集,,明,,,倪谦
倪烈妇行,,清,,,戴珣
聂掌教集,,明,,,聂大年
栖里景物略,,,,,
栖饮草堂诗钞,,清,,,汤礼祥
栖流所详定规条,,,,减,
耆旧集,,,,减,
钱氏私志,,宋,,,钱世昭
钱塘水利志,,清,,增,
钱塘王氏宗谱,,清,,,王修玉
钱塘王氏家谱,,,,增,
钱塘西湖百咏,,宋,,减,郭祥正
钱塘先贤传赞,,宋,,,袁韶
钱塘吴氏家谱,,清,,减,朱筠
钱塘县志,不详,,,增,
钱塘县志补,,清,,,吴允嘉
钱塘县志补,,,,,张伯淳
钱塘县志补,,,,,王寅
钱塘遗事,,元,,,刘一清
倩影楼遗稿,,清,,,陆蒨
桥南草堂集,,,,,吴俊琪
秦亭诗集,,清,,,张丹
容台集,,明,,,董其昌
容安诗草,,,,,胡容志
容斋随笔,容斋四笔、容斋三笔,宋,,,洪迈
润屋稿,林元书润屋稿,,,,林元书
弱水诗,,清,,,屈复
剡源文集,,元,,,戴表元
剡源诗文补,,元,,,戴表元
射雕山馆集,,,,,应保时
谁园诗钞,,,,,
神州古史考,,清,,增,倪璠
神州古迹考,,,,减,
适安藏拙稿,,,,,武衍
适园石刻,适园记,清,,,李榕
衰晚编,,清,,,张遂辰
苏东坡集,苏文忠公诗集、苏文忠公集注,宋,,,苏轼
苏州府志,,,,,
苏庵集,,清,,,杨葆光
素余堂集,,清,,,于敏中
谈薮,,宋,,,庞元英
唐书,,宋,,,欧阳修
唐文粹,,宋,,减,姚铉
唐文粹补遗,,清,,,郭麟
桃花圣解庵日记,,清,,,李慈铭
特用江苏知县丁君德配陆恭人家传,,清,,增,柳商贤
铁网珊瑚,,明,,,朱存理
铁花山馆诗稿,,清,,,吴兆麟
铁花吟社诗存,,清,,,王景彝
铁花吟社诗稿,,清,,,吴兆麟
铁桥漫稿,,清,,,严可均
铁崖乐府,,元,,,杨维桢
铁崖漫稿,,元,,,杨维桢
铁琴铜剑楼藏书目录,,民,,,瞿良士
庭立纪闻,,清,,,梁众
庭闻录,,清,,,刘健
桐华馆诗存,,清,,,黄模
桐江续集,,元,,,方回
桐江集,,元,,,方回
桐屿集,,明,释,,德轩等
桐阴书屋稿,,清,,,章坤
桐阴草堂诗集,,清,,,梁炳章
桐乳斋诗集,,清,,,梁文濂
桐香馆诗存,,清,,,汪震
桐荫书屋诗稿,,清,,增,章坤
桐溪诗草,,清,,,沈鹏
涂说,,清,,,缪艮
退补斋诗存,,清,,,胡凤丹
退耕堂诗集,,,,,陈希敬
退庵诗稿,,清,,,沈映钤
退庵南省公余录,,,,,
退庵剩稿,,清,,,沈映钤
退庵随笔,,清,,,梁章钜
退庵随笔,,清,,,沈映钤
苇航纪谈,,宋,,,蒋津
翁广平书湖州庄氏史狱,,,,减,
翁山诗集,,,,,
翁氏家谱,,,,,
奚囊蠹余,,明,,,张潮
息耕草堂诗集,,清,,,黄安涛
息影庐小稿,,清,,,王叔钊
息影庵初存诗,,清,,,蒋坦
夏时正赠公遗集,,明,,,夏时正
消闲余话,,,,,吴嗣广
校经廎文稿,,清,,,李富孙
修吉堂文稿,,,,,徐倬
修甫诗存,,清,,,丁立诚
修浚黄婆荡沟碑记,,清,,增,
绣虎轩次集,,,,,李煜
绣虎轩集,,,,,曹德馨
徐氏忠节录,,,,,
徐文长集,,明,,,徐渭
徐尔麟诗稿,徐尔𪊞诗稿,清,,,徐尔麟
徐以璋集,,,,,
选佛诗传,,,,,查义
逊学斋文钞,,清,,,孙衣言
烟屿楼诗集,,,,,徐时栋
烟波渔唱,,清,,,张应昌
烟波渔唱续钞,,清,,,张应昌
烟霞万古楼诗选,,,,,王昙
倚晴诗续集,,,,,
倚晴楼诗续集,,清,,增,黄燮清
倚晴楼诗集,,清,,增,黄燮清
倚楼集,,,,,江熷
烎虚大师遗集,,清,释,,明中
蚓庵琐语,,清,,,王逋
涌幢小品,,明,,,朱国桢
袁州志,,清,,,陈乔枞
悦目益心,,清,,,黄凯钧
悦亲楼诗集,,,,,祝德麟
耘业堂遗稿,,清,,,项溶
芸夫诗草,,清,,,朱域
芸居乙稿,,宋,,,陈起
芸庵类稿,,宋,,,李洪
芸隐倦游稿,,宋,,,施枢
芸隐横舟稿叙,,宋,,,施枢
浙人诗存,,清,,,柴杰
浙士登科考,,,,,
浙东平寇纪略,,,,,
浙江八旗事宜,,,,,
浙江乡试齿录,不详,,,增,
浙江开府镇东楼记,,,,,
浙江水利全图,,清,,,阮元
浙江抚署续刻题名碑记,,清,,增,杨昌濬
浙江采集遗书总录跋,,,,,
浙江省城水利全图,,,,,
浙江省城全图,,,,,
浙江省城坊巷全图,,清,,增,
浙江通志,雍正浙江通志,清,,,嵇曾筠
浙江提学使院修治庑舍并设木石几座记,（石刻）,清,,,孙星衍
浙游小草,,,,,李春畅
振绮堂丛书,,,,,
振绮堂存稿,,清,,,汪宪
真心直说,,,,,
真仙通鉴,,元,,增,赵道一
真有益斋文编,,清,,,黄安涛
真隐漫录,,宋,,,
芝园诗稿,,,,,庄和
芝圃丛说,,,,,赵世显
芝塘诗钞,,,,,
秩祀轩辕庙先蚕殿碑文,,清,,增,觉罗古庆
珠山集,,,,,
烛湖集,,宋,,增,孙应时
准斋杂说,,宋,,增,吴如愚
准斋集说附录,,,,减,徐元杰
祖砚堂集,,清,,,朱人凤
曹氏宗谱,,,,,
巢林笔谈,,,,,龚炜
巢青阁学言,,清,,,陆曾禹
巢青阁集,,清,,,陆进
崇雅堂文钞,,清,,,胡敬
崇雅堂文集,,清,,,胡敬
崇雅堂删余诗,,清,,,胡敬
崇雅堂诗钞,,清,,,杨汝谐
崇雅堂诗集,,清,,减,胡敬
崇雅堂骈体文抄,,清,,增,胡敬
崇雅堂骈体文钞,,清,,减,胡敬
崇雅堂集,,清,,,胡敬
船窗夜话,,,,,顾文薦
淳祐志,淳祐临安志,宋,,,施谔
淳祐铁镬考,,,,,
淡如文稿,,清,,,秦湘业
第一功德录,,,,减,
梵隐堂诗存,,,释,,祖观
范文正公集,,宋,,,范仲淹
范阳卢氏家乘,,,,,
龚自珍文集,,清,,,龚自珍
馆阁续录,,,,,
郭子章集,,明,,,
郭西小志,,清,,,姚礼
郭西诗选,,,,,赵时敏
涵远山房诗集,,,,,张廷俊
寄龛丁志,,清,,减,孙德祖
寄龛甲志,,清,,减,孙德祖
健松诗钞,,清,,,方象瑛
健松斋集,,清,,,方象瑛
旌德观记,,,,减,王概
救命王庙石刻记,,清,,增,陆有壬
康熙仁和志,康熙仁和县志,清,,,赵世安
康熙兴化县志,,清,,减,张可立
康熙府志,康熙杭州府志,清,,,马如龙
康熙钱塘志,康熙钱塘县志,清,,,魏㟲
康熙钱塘志稿,,清,,,梁允植
琅玢家乘,,,,减,
琅玡家谱,,,,减,
琅琊家乘,,,,增,王氏
琅嬛文集,,清,,减,张岱
离垢集,,清,,,华嵒
理安寺志,,清,释,,实月
笠杖集,,清,,,张盛藻
笠翁文集,,清,,,李渔
梁书,,唐,,,姚思廉
梁溪漫志,,宋,,,费衮
翏英子集,,清,,,俞兴瑞
陵阳集,,宋,,,牟巘
鹿门文集,茅鹿门文集,明,,,茅坤
鹿园集,,,,,万表
绿伽楠仙馆诗集,,,,,钱廷烺
绿伽楠精舍诗集,,,,,钱廷烺
绿窗同怀稿,,,,,韩鸾仪、韩凤仪
梅山续稿,,,,,
梅东草堂诗,,清,,,顾永年
梅东草堂诗序,,清,,,翁高年
梅石䨥清集,,清,,,汪沆
梅边笛谱,,清,,,李允升
梅竹山房词钞,,清,,,章黼
梅竹山房诗钞,,清,,,章黼
梅竹山房集附录,,清,,,章黼
梅竹联吟,,,,,
梅轩思念录,,清,,增,王有龄
梅坪诗钞,,清,,增,董大伦
梅屋四稿,,,,,许斐
梅花老屋诗稿,,,,,傅濂
梅花园存稿,,,,,钟韫
梅花集句,,,,,
梅涧诗话,,,,,韦安居
梅庵诗钞,,清,,,铁保
梅溪书屋古文丛钞,,清,,,丁午
梅溪书屋记,,清,,增,杨文
梅溪王先生文集后集,梅溪集,宋,,,王十朋
梦占类考,,明,,,张凤翼
梦观集,,元,释,,大圭
梦春庐词,,清,,,李贻德
梦花草堂诗钞,,,,,江顺诒
梦巢诗草,,,,,许秉展
梦窗词稿,,宋,,,吴文英
梦粱录,,宋,,,吴自牧
密斋文集,,清,,,程同文
密斋笔记,,宋,,,谢采伯
密庵集,,明,,,谢肃
偶吟草,,,,,朱璿
偶寄生诗草,,,,,
排山小集,,清,,,朱枫
排山续集,,清,,增,朱枫
匏落吟集,,清,,,沈乘
培桂山房诗钞,,清,,,汪上珍
瓶山草堂集,,清,,,姚光晋
瓶隐山房词,,清,,,黄曾
瓶隐山房诗,,清,,,黄曾
瓶罄微吟,,,,,蔡廷弼
陭堂摘稿,,,,,许应元
乾初文集,沈乾初先生文集,清,,减,陈乾初
乾淳岁时记,,宋,,,周密
乾隆府志,乾隆杭州府志,清,,,郑澶
乾隆建宁县志,,清,,,张琦
乾道志,乾道临安志,宋,,,周淙
乾道庚寅奏事录,,宋,,,周必大
清一统志,大清一统志,,,,
清白士集,,清,,,梁玉绳
清平山馆诗钞,,,,,叶元楷
清仪阁题跋,,清,,,张廷济
清江集,清江贝先生集,明,,,贝琼
清吟阁诗草,,清,,增,瞿世瑛
清波三志,,清,,增,陈景钟
清波小志,,清,,,徐逢吉
清波小志补,,清,,,陈景钟
清波从志,疑其他清波杂志误,,,增,
清波杂志,,宋,,,周煇
清波别志,,宋,,,周煇
清波类志,,清,,,陈景钟
清河家乘,,,,,张育鸾
清河家乘承记录,,,,减,
清河神僧传,,,,,
清夜录,,,,,俞文豹
清夜录,,宋,,增,俞文豹
清贻堂存稿,,清,,减,王益朋
清爱堂集,,,,,魏成宪
清容居士集,,,,,袁桷
清娱阁诗集,,,,,鲍之蕙
清献堂集,,清,,,赵佑
清献集,杜清献公集,宋,,,杜范
清尊集,,清,,,汪远孙
掞斋诗钞,,,,,万藻
商文毅公集,,明,,减,商辂
商补田氏西湖游志余,,明,,减,商维濬
深柳读书堂诗集,,清,,,明忠
深柳堂诗集,,,,,
笙月词,,,,,王诒寿
率性吟,,清,,,郑文琅
爽籁山房集,,清,,,程之章
苔碕小稿,,,,,陈宣
陶学士集,,明,,,陶安
桯史,,宋,,,岳珂
通元观志,通玄观志,清,,,吴琰
通艺录,,清,,,程瑶田
通艺阁文集,,清,,,姚椿
通艺阁诗集,,清,,,姚椿
通鉴博论,,明,,,朱权
唾余集,,明,释,,广化
唾余新拾,,清,,,李调元
晚闻居士遗集,,,,,王宗炎
晚耘翁家传,,,,增,
晚晴书屋诗钞,,清,,,陈春晓
晚晴轩诗钞,,清,,,梁龄曾
晚盥堂诗学,,清,,,项奎
梧园诗选,,清,,,吴农祥
梧园集,,清,,,吴农祥
梧园藏稿,,清,,,吴农祥
梧溪集,,元,,,王逢
惜抱轩文集,,清,,,姚鼐
惜抱轩诗集,,清,,,姚鼐
晞发集,,宋,,,谢翱
衔蝉小录,,清,,,孙荪意
祥符古志略,,,,,
啸古堂集,,清,,减,蒋敦复
啸竹堂集,,清,,,王锡
啸虎轩集,,,,,
啸亭杂录,,清,,,
啸翁村居以后诗,,,,,
谐史,,宋,,,沈俶
谐铎,,清,,,沈起凤
续书画题跋记,,,,,郁逢庆
续文献通考,,明,,,王析
续白鹿洞学规,,,,,胡文敬
续白鹿洞学规附刊,,,,减,
续东轩文,,清,,,高均儒
续东轩诗,,清,,,高均儒
续东河棹歌,,,,,
续夷坚志,,金,,,元好问
续纲目,,,,,
续冷庐杂志,,清,,减,陆以湉
续制义科琐记,,,,,李调元
续南华文稿,,,,,李颍
续游志,,,,,陶宗仪
续楹联丛话,,,,,
雪门诗草,许雪门诗钞,清,,,许瑶光
雪门诗草,,清,,增,许瑶光
雪江集,,明,释,,明秀
雪泥鸿爪录,,,,,鲍珍
雪坡文集,姚舍人文集,宋,,,姚勉
雪浦诗存,,清,,,龚藻身
雪鸿小草,不确认,清,,增,吴农祥
雪帷韵竹词,,清,,,孙锡
雪楼集,,元,,,程文海
雪溪山楼集,,,,,陈庆祉
研北杂志,,元,,,陆友
研经室文集,,清,,,阮元
窑器说,,清,,,程哲
野客丛书,,宋,,,王㮘
银瓶征,,清,,,俞樾
婴山小园诗集,,清,,,张诚
庸闲斋笔记,,清,,,陈其元
庸庵集,,元,,,宋禧
渔石集,,明,,,唐龙
渔矶漫钞,,,,,雷琳
渔浦草堂诗集,,,,,张道
渔溪诗稿,,宋,,,俞桂
御选悦心集,,,,,
谕旨全录,,,,减,
苑西集,,清,,,高士奇
章氏家乘,,,,,
章承茂诗集,,,,,
渚步遗闻,,,,,
茁斋集,,明,,,邹虞
啽呓吟,,清,,,陆德星
皕宋楼藏书目,,清,,,陆心源
敝帚斋余谈,,清,,,沈德符
草桥先生传,,清,,减,许应元
曾文正集,,清,,,曾国藩
曾复斋诗集,,,,,
茶余客话,,,,,阮葵生
茶毗诗钞,茶民诗钞,,,,许大纶
茶梦山房吟草,,清,释,,达宣
茶梦庵词稿,,清,,,高望曾
茶梦庵诗稿,,清,,,高望曾
朝野类要,,宋,,,赵升
朝野遗记,,宋,,,佚名
程仲权集,,,,,
程雪楼文集,,元,,,
絮斋集,,清,,增,汪度
辍耕录,,明,,,陶宗仪
赐砚斋诗钞,,,,,伊朝栋
赐砚斋集,,,,,龚汝言
赐砚堂诗集,,清,,,齐召南
等闲集诗钞,,清,,,张敬谓
跌翠楼集,,,,,
都公谭纂,,,,,陆采
都城纪胜,,宋,,,耐得翁
敦艮堂文集,,清,,,蒋师爚
傅侍御文,,明,,增,傅伯俊
富阳县志,,,,增,
觚剩,,清,,,钮琇
寒山旧庐诗,,清,,,陆文谟
寒山旧庐诗注,,清,,减,王庚期
寒石诗钞,,清,,,沈绍姬
寒村五丁集,,,,,
寒村安庸集,,,,,
寒夜丛谈,,清,,减,沈赤然
寒香馆诗稿,,清,,,殷铻金
韩门缀学续编,,清,,,汪师韩
韩门辍学,,清,,,汪师韩
韩氏宗谱,,,,增,
韩氏家乘,,清,,,韩家坤
湖山百咏,,明,,,夏时正
湖山杂咏,,,,,王伟
湖山杂咏,,清,,,王纬象
湖山便览,,清,,,翟瀚、翟灝
湖上便览,,明,,,王世贞
湖上编,遂辰湖上编,清,,,张遂辰
湖上编补遗,,清,,,李奎
湖海新闻,,元,,,
湖楼集,,清,,,朱琰
湖壖杂记,湖堧杂记,清,,,陆次云
黄氏日钞,,清,,增,黄震
黄氏家谱,,,,,
黄文献集,,元,,,黄溍
黄学士文集,,元,,,黄溍
黄高士诗,,元,,,黄福缘
黄雪山房诗选,,,,,徐逢吉
黄鹄山人诗钞,,清,,,林寿图
黄荛圃先生年谱,,清,,,江标
黄漳浦集,,明,,,黄道周
荟蕞编,,,,,俞樾
嵇文恭公集,,明,,,程可中
缉雅堂留别续輶轩录同人诗,,清,,增,
集字唱和,,清,,,朱文藻
集杭谚诗,,清,,,邵㦤辰
絜斋集,,宋,,,袁燮
款古堂诗,,,,增,
琳斋诗稿,,清,,,王景彝
鲁春秋,,,,减,
鲁庵诗草,,,,,蒋大椿
彭启丰文集,,清,,,彭启丰
普陀山志,,明,,,朱谨、陈濬
普济堂志,,清,,增,
普济堂放生池记,,清,,增,孙树礼
期庵集,,,,,
棋坪诗钞,,,,减,周思兼
琴西文集,,清,,,孙衣言
琴砚山房诗钞,,,,,沈广敬
琴斋诗钞,,,,,张梿
琴趣轩吟卷,,,,,黄崇庆
善卷堂四六,,清,,,卢繁貂
释氏释古略,,,,,
疏野堂集,,,,,归令瑜
疏寮集,,宋,,增,高似孙
随手杂录,,宋,,,王巩
随园诗话,,清,,,袁枚
随园食单,,清,,,袁枚
随便集,,清,释,,禅一
随俟书屋诗集,,,,减,刘锡五
随辇集,,清,,,高士奇
随隐漫录,,宋,,,陈世崇
棠村吟稿,,清,,,翟瀚
渭南文集,,宋,,,陆游
温恭毅公文集,,明,,,温纯
羡门山人诗钞,,,,,孙霖
湘灵集,,清,,,冯娴
湘南韩氏宗谱,,,,,韩家坤
湘管斋诗稿,,清,,,陈焯
湘管斋寓赏续编,,清,,,陈焯
湘管斋寓赏编,,清,,,陈焯
湘管斋寓赏编续序,,清,,减,陈焯
销闲余话,,,,减,吴嗣广
巽斋小集,,,,,危稹
雅扶堂诗集,,,,,毛宗文
雅林小稿,,宋,,减,王琮
雅歌堂诗钞,,,,,徐经
雁门集,,元,,,萨都剌
药井诗,,,,减,
药园今体诗,,清,,,吴焯
药园古体诗,,清,,,吴焯
药房樵唱,,元,,,吴景奎
逸子诗集,,,,,唐员
逸民史,,明,,,陈继儒
隐拙斋集,,清,,,沈廷芳
荥阳外史集,,明,,,郭贞
游杭合集,,,,,徐柳泉
游明圣湖日记,,清,,,浦祊
游宦纪闻,,宋,,,张世南
寓林集,,明,,,黄汝亨
缘庵诗话,,清,,,李堂
湛园题跋,,元,,,白珽
湛渊静语,,元,,,白珽
跖余集,,,,,孙健
煮凌霄榭诗集,,,,,陈焵
筑岩诗钞,,,,,吾定保
铸庐吟草,,清,,减,裕贵
滋溪文稿,,元,,,苏天爵
紫云志,,元,,,杨维桢
紫竹山房集,,清,,,陈兆嵛
紫竹山房集年谱,,,,,
紫薇花馆诗稿,,清,,,王廷鼎
紫薇花馆稿,,清,,减,吴耀炳
紫薇稿,,明,,,桂衡
尊胜咒经,,,,,
稗史,,元,,减,仇远
稗贩,,清,,,曹斯栋
稗畦续集,,清,,,洪升
鲍太史集,鲍存晓大史诗集,,,,鲍存晓
禅寄笔谈,,明,,,陈思
楮园诗选,,,,增,
道古堂文集,,清,,增,杭世骏
道古堂诗集,,清,,增,杭世骏
道古堂集,,清,,,杭世骏
道光乙未科浙江乡试齿录,,,,,
道光丁酉各省选拔同年明经通谱,,,,,
道光丁酉科浙江乡试齿录,,,,,
道光己未恩科浙江乡试齿录,,,,,
道光己亥科浙江乡试齿录,,,,,
道光己酉科拔贡同年录,,,,,
道光壬辰科浙江乡试同年录,,,,,
道光甲午科浙江乡试同年齿录,,,,,
道光辛巳恩科浙江乡试同年齿录,,,,,
道光癸卯科浙江乡试齿录,,,,,
道园学古录,,元,,,虞集
道园集,,元,,,虞集
道命录,,宋,,,李心传
道腴堂诗编,,清,,增,鲍鉁
董氏诗草,,清,,,董昭懋
莆风清籁集,,清,,,郑王臣
感旧怀人诗,,,,,
感应篇易知录,,,,减,
感遇草,,,,,蔡兆辂
鼓枻稿,,元,,,虞堪
简庄文钞续编,,清,,,陈鳣
简庄缀文,,清,,,陈鳣
简松草堂集,,清,,,张云璈
鉴止水斋集,,清,,,许宗彦
剿平粤匪方略,,,,,
解舂集,解舂集文钞、解舂集诗钞,清,,,冯景
敬业堂诗集,,清,,,查慎行
敬灶全书,,,,,
敬修堂课钞,,清,,,胡敬
敬堂集,,清,,减,胡凤锦
靖孙诗稿,,,,增,
筠谷诗钞,,清,,,郑江
筠圃小草,,,,增,
楷癭斋诗稿,,清,,,黄树谷
窥园诗钞,,,,,王梦篆
暌车志,,宋,,,郭彖
莱州府志,,,,,
莲居庵记,,清,,,胡敬
莲居庵记跋,,清,,,魏谦升
莲居庵绍觉法师塔铭,,明,,,吴端伯
莲居庵碑,,清,,减,张青莲
莲社词,,宋,,,张抡
莲龛集,,清,,,李泰来
楝花草堂吟草,,,,,金鳌
粮储道档案,,,,增,
楳埜集,,宋,,,徐元杰
盟山堂诗初集,,,,,屠秉
盟山堂诗集,,,,,屠秉
盟心堂诗初集,,,,减,郭凤丹
频罗庵遗集,,清,,,梁同书
频迦偶吟,,清,,,张士荦
频香秋馆诗钞,,,,减,顾文正
瑞石山志,,清,,,
瑞石山房诗集,,,,,张旸
瑞石山房诗稿,,,,,
瑞芍轩诗钞,,,,,许乃谷
慎独斋吟剩,,清,,,童凤三
蜃园集,蜃园诗后集、蜃园诗前集,,,,李天植
嵊县志,道光嵊县志,清,,,李式圃、朱渌
蜕庵集,,元,,,张翥
嵩年文集,,,,,王高
搜玄抉微,,,,,
搜神记,,晋,,,干宝
遂初堂集,,清,,,潘耒
遂昌杂录,,元,,,郑元祐
塘栖志略,,清,,,何琪
塘栖景物略,,清,,减,张半庵
荼毗誊集,,清,,,许大纶
锡金识小录,,清,,,黄印
遐叔文集,李遐叔文集,唐,,,李华
筱饮斋稿,筱㱃斋稿,清,,,陆飞
新门散记,,清,,,罗以智
新安文献志,,明,,,程敏政
新年杂咏,,,,,
新齐谐,,清,,,袁枚
新建敷文讲学之庐记,（石刻）,清,,增,叶赫嵩骏
新语草堂诗余,新雨草堂诗余,清,,,陆新
新镌海内奇观,,明,,增,杨尔曾
遗经堂诗存,,清,,,钱钊
颐彩堂文集,,清,,,沈叔诞
颐道堂文钞,,清,,,陈文述
颐道堂戒后诗存,,,,,
颐道堂诗外集,,,,,
颐道堂诗钞,,清,,,陈文述
颐道堂诗集,,清,,增,陈文述
楹联丛话,,清,,,梁章钜
愚谷文存,,清,,,吴骞
愚谷遗诗,,清,,,周霁
愚堂诗草,,,,,施镐
榆西仙馆初稿,,,,,蒋诗
榆村诗集,,,,,费辰
腴仙馆稿,,,,,姚樟云
筼谷文钞,,清,,,查揆
筼谷诗钞,,清,,,查揆
韫山堂文集,,清,,,管世铭
韵山堂诗集,,清,,,王文诰
韵梧山房诗稿,,,,,姚壎伯
碧川文选,,,,,
碧罗庵诗文抄,碧罗庵集,,,,陈铦
碧城诗体,,清,,,陈颐道
碧梧玩芳集,,宋,,,马廷鸾
碧筠馆诗稿,,明,,,凌立
碧溪诗话,,清,,,朱文藻
碧溪草堂诗集,,清,,,朱文藻
裨句,,,,,鲍珍
慈柏山房诗稿,,,,,余锷
慈晖馆诗草,,清,,,阮恩滦
慈湖遗书,,宋,,,杨简
翠屏集,,明,,,张以宁
翠浮阁词,,清,,,魏谦升
翠浮阁诗集,,清,,,魏谦升
翠寒集,,元,,,宋元
萃砚山房诗草,,,,,沈广敬
端平诗集,,宋,,,周弼
端绮堂小稿,,清,,,赵嘉淦
福建通志,,清,,,郝玉麟
槐西杂志,,清,,,纪昀
槐桂山堂诗钞,,,,减,王嗣
槐塘文稿,,清,,,汪沆
槐塘诗稿,,清,,,汪沆
夥居唱和诗,,,,增,
霁山集,,宋,,,林景熙
嘉靖仁和志,嘉靖仁和县志,明,,,沈朝宣
嘉靖浙江通志,,明,,减,薛应旂
菽欢堂诗集,,清,,,王丹墀
菽园十咏,菽园十咏（石刻）,,,,余庭训
菽园杂记,,明,,,陆容
菽原堂初集,,清,,,查初揆
鲒埼亭集,,清,,,全祖望
鲒埼亭集外编,,清,,,全祖望
精忠柏堂图,,清,,减,彭玉麟
静存斋集,钱师曾文集,清,,,钱师曾
静观室诗存,静观堂诗存,,,,王绍祥
静志居诗话,,,,,
静居集,,明,,,张羽
静便斋集,,清,,,王曾祥
静庵剩稿,,,,,李妙端
静寄轩诗草,静寄斋诗草,,,,葛庆曾
静廉斋集,,清,,,金甡
缪武烈公遗集,,,,,
菊庄集,,,,,刘泰
菊逸斋序,,,,减,
瑯玡宗谱,,,,增,王氏
榴实山庄诗钞,,清,,,吴存义
漫兴诗集,,,,,杨观诚
漫愚斋诗钞,,清,,,
缦雅堂文集,缦雅堂骈体文,清,,,王诒寿
谯国诗钞,,,,,
榕园吟稿,,,,,吴应如
榕斋诗钞,,,,,诸省三
僧宝传,,宋,释,,惠洪
漱红山房诗集,,清,,增,
菘町遗稿,,清,,,沈菘町
菘塍斋遗稿,,清,,,余大观
萚石斋诗集,,清,,,钱载
萧然室小记,,清,,,林一枝
疑狱集续,,,,,张景
营防小志,,清,,,盛元
愿学堂诗钞,,,,,王宗耀
萑苇书屋诗钞,,清,,,方观澜
葆园诗存,,清,,,汪上彩
澄怀书屋诗钞,,清,,减,穆彰阿
澄怀堂诗外,,清,,,陈裴之
澄怀堂诗集,,清,,,陈裴之
澄秋阁二集,,清,,,闵华
澄秋阁集,,清,,,闵华
澄清堂诗集,不确认,清,,增,范祝崧
澄清堂稿,,,,,
澄碧斋诗钞,,清,,,钱琦
樗寮诗话,,清,,减,姚椿
噉蔗全集,,清,,,张羲年
稻香吟馆诗稿,,,,,李赓芸
德风亭纪,,清,,,
德星堂文集,,,,,许汝霖
樊山集,,,,,樊嘉
樊榭山房续集,,清,,增,厉鹗
樊榭山房集,慈伯山房诗稿,清,,,厉鹗
葑塘年谱,胡葑塘年谱,清,,,胡敬
鹤山集,,宋,,,魏了翁
鹤年诗集,,宋,,,丁鹤年
鹤林玉露,,宋,,,罗大经
鹤涂文集,,清,,,叶溶
横山乡人类稿,,清,,减,陈庆年
横云山人集,,清,,,王鸿绪
横经堂诗余,,,,,张泰初
篁墩集,,明,,,程敏政
慧因寺志,,明,,,李翥
稼门文钞,,清,,,汪志伊
葵圃存集,,,,,郑怀魁
葵窗集,,,,,周瑞臣
黎阁诗钞,然黎阁诗钞,,,,蔡涛
履园丛话,,清,,,钱泳
履斋遗集,,宋,,,吴潜
鄮峰真隐漫录,,宋,,减,史浩
墨庄诗钞,,清,女,,林以宁
墨庄漫录,,清,,增,林以宁
墨林今话,,清,,,蒋宝岭
墨林诗话,,,,,
墨稼穑斋文钞,,清,,,邹志初
墨稼穑斋诗稿,,清,,,邹志初
暮园小志,,清,,,汪士骧
霈亭偶录,,,,,
潜山集,,宋,,,文珦
潜斋集,,宋,,,何梦桂
潜虚诗钞,,,,,翁咸封
潜研堂文集,,清,,,钱大昕
潜研堂诗集,,清,,增,钱大昕
潜溪集,,明,,,宋濂
瘦石庵诗钞,,清,,,孙元埈
潠书,,清,,,王先舒
毅斋集,,明,,,王洪
影桥记,,清,,减,阮元
影桥记跋,影桥记跋（石刻）,清,,,陶濬宣
增订湖山类稿,湖山类稿,宋,,,汪元量
辩利院志,,清,,,翟灏
餐霞室吟稿,,清,,,许灿
澹初诗稿,,,,减,沈翼机
澹吾余斋诗存,,清,,,吴宝坚
澹轩集,李吕澹轩集,宋,,,李吕
澹园诗删,,,,,王纬
澹足轩诗集,,清,,,梁履绳
澹泊斋稿,,明,释,,万金
澹珍先生遗集,,,,,施玠
霏雪录,,明,,,镏绩
璜溪遗诗,,清,,增,孙熊庆
激提集,,,,,洪简
璚华集,,清,,,俞廷瑛
磨镜卮言,,清,,,金世俊
默堂集,,宋,,,陈渊
穆堂别稿,,清,,,李绂
穆堂初稿,,清,,,李绂
凝香室诗钞,,,,,柴静仪
凝道堂诗集,,,,,江衡
蒲宝集,,元,释,增,笑隐
蒲室集,,元,释,,大訢
蒲庵文集,,,,,
樵书,,,,,来集之
樵云独唱诗集,,元,,,叶颙
蓉湖草堂存稿,,,,,陈滋
蓉塘诗话,,,,,
歙西大里汪武林支谱,,,,增,
燕石集,,元,,,宋褧
燕居续语,,,,,徐承烈
燕翼贻谋录,,宋,,,王栐
舆地广记,,宋,,增,欧阳忞
舆地纪胜,,宋,,,王象之
舆地纪胜碑目,,宋,,减,王象之
遵生八笺,,明,,,高濂
闇然室文稿,,清,,,应澧
闇然室诗存,,清,,,应澧
瞥记,,清,,,梁玉绳
蔡忠惠公文集,,宋,,,蔡襄
蔡寅倩集选,,清,,,蔡宗秩
蔡集举正跋,,清,,增,朱桂模
螺峰草堂集,,清,,,陈沺
蓬宅编,,清,,,张遂辰
蓬窗剪烛集,,清,,,李堂
邃雅堂集,,,,,姚文田
檀园集,,明,,,李流芳
檀渊集,,,,增,
霞外诗集,,,,,马臻
霞举堂集,,清,,,王晫
霞香书屋遗集序,,,,减,
霞蔚堂集,,清,,,孙骥
蔗余偶笔,,,,,方士淦
檇李诗系,,清,,,沈季友
戴简恪公遗集,,清,,,戴敦元
覆瓿集,,宋,,,赵必𤩪
蕉叶山房吟草,,,,,
蕉声馆诗钞,,清,,,朱为弼
蕉屏书屋诗文覆瓿集,,,,增,
癖斋小集,,宋,,,杜旃
蕈香诗钞,,,,,俞士槐
蟫精雋,,明,,,徐伯龄
魏季子文集,,,,,魏礼
擪鸟山房诗,,清,,,蔡源
彝寿轩诗钞,,清,,,张应昌
翼駉裨编,,清,,,汤用中
蕴愫阁文集,,清,,,盛大士
蕴愫阁诗集,,清,,增,盛大士
簪云楼杂说,,清,,,陈尚古
瞻云初集,,清,,,陈廷会
瞻云集,,清,,,王先舒
瓣香山房诗,,,,,曾廷枚
瀚海披沙,,,,减,
曝书亭集,,清,,,朱彝尊
勷善征信录,,清,,,金日修
薪卿诗草,,清,,,夏传曾
瀛舟笔谈,,清,,,阮亨
瀛奎律髓,,元,,,方回
籀书,,清,,,赵金籀
藏书纪事诗,,清,,,叶昌炽
警心录,,清,,,李毓之
薲香阁诗集,,,,,陈嵇
灊山集,,宋,,,朱翌
藤因室佚余诗存,,,,,劳源思
藤阿吟稿,,,,,陈鸿熙
藤香馆文集,,清,,,薛时雨
藤香馆词删存,,清,,增,薛时雨
藤香馆诗删存,,清,,增,薛时雨
藤香馆诗钞,,清,,,薛时雨
壦务山馆集,,明,,,虞淳熙
蘅香馆杂著,,清,,,赵庆熺
靃林山人诗集,,清,,,吴文溥
钁头吟,,清,释,,香海